https://vtuber-post.com/database/detail.php?id=UC0WwEfE-jOM2rzjpdfhTzZA	ğŸŒˆæ„›åœ’æ„›ç¾,ğŸŒVtuber post
https://vtuber-post.com/database/detail.php?id=UCnRQYHTnRLSF0cLJwMnedCg	ğŸŒˆç›¸ç¾½ã†ã„ã¯,ğŸŒVtuber post
https://vtuber-post.com/database/detail.php?id=UCBi8YaVyZpiKWN3_Z0dCTfQ	ğŸŒˆèµ¤ç¾½è‘‰å­,ğŸŒVtuber post
https://vtuber-post.com/database/detail.php?id=UCe_p3YEuYJb8Np0Ip9dk-FQ	ğŸŒˆæœæ—¥å—ã‚¢ã‚«ãƒ,ğŸŒVtuber post
https://vtuber-post.com/database/detail.php?id=UCiSRx1a2k-0tOg-fs6gAolQ	ğŸŒˆé£›é³¥ã²ãª,ğŸŒVtuber post
https://vtuber-post.com/database/detail.php?id=UC6TfqY40Xt1Y0J-N18c85qQ	ğŸŒˆå®‰åœŸæ¡ƒ,ğŸŒVtuber post
https://vtuber-post.com/database/detail.php?id=UCkIimWZ9gBJRamKF0rmPU8w	ğŸŒˆå¤©å®®ã“ã“ã‚,ğŸŒVtuber post
https://vtuber-post.com/database/detail.php?id=UCRWOdwLRsenx2jLaiCAIU4A	ğŸŒˆé›¨æ£®å°å¤œ,ğŸŒVtuber post
https://vtuber-post.com/database/detail.php?id=UCdpUojq0KWZCN9bxXnZwz5w	ğŸŒˆã‚¢ãƒ«ã‚¹ãƒ»ã‚¢ãƒ«ãƒãƒ«,ğŸŒVtuber post
https://vtuber-post.com/database/detail.php?id=UCHVXbQzkl3rDfsXWo8xi2qw	ğŸŒˆã‚¢ãƒ³ã‚¸ãƒ¥ãƒ»ã‚«ãƒˆãƒªâ€¦,ğŸŒVtuber post
https://vtuber-post.com/database/detail.php?id=UC_GCs6GARLxEHxy1w40d6VQ	ğŸŒˆå®¶é•·ã‚€ã,ğŸŒVtuber post
https://vtuber-post.com/database/detail.php?id=UCLpYMk5h1bq8_GAFVBgXhPQ	ğŸŒˆå‡ºé›²éœ,ğŸŒVtuber post
https://vtuber-post.com/database/detail.php?id=UCXRlIK3Cw_TJIQC5kSJJQMg	ğŸŒˆæˆŒäº¥ã¨ã“,ğŸŒVtuber post
https://vtuber-post.com/database/detail.php?id=UCmZ1Rbthn-6Jm_qOGjYsh5A	ğŸŒˆã‚¤ãƒ–ãƒ©ãƒ’ãƒ ,ğŸŒVtuber post
https://vtuber-post.com/database/detail.php?id=UCmUjjW5zF1MMOhYUwwwQv9Q	ğŸŒˆå®‡å¿—æµ·ã„ã¡ã”,ğŸŒVtuber post
https://vtuber-post.com/database/detail.php?id=UC3lNFeJiTq6L3UWoz4g1e-A	ğŸŒˆå¯æœˆã‚³ã‚¦,ğŸŒVtuber post
https://vtuber-post.com/database/detail.php?id=UCIytNcoz4pWzXfLda0DoULQ	ğŸŒˆã‚¨ã‚¯ã‚¹ãƒ»ã‚¢ãƒ«ãƒ“ã‚ª,ğŸŒVtuber post
https://vtuber-post.com/database/detail.php?id=UCl1oLKcAq93p-pwKfDGhiYQ	ğŸŒˆãˆã¾â˜…ãŠã†ãŒã™ã¨,ğŸŒVtuber post
https://vtuber-post.com/database/detail.php?id=UCpNH2Zk2gw3JBjWAKSyZcQQ	ğŸŒˆã‚¨ãƒªãƒ¼ãƒ»ã‚³ãƒ‹ãƒ•ã‚¡ãƒ¼,ğŸŒVtuber post
https://vtuber-post.com/database/detail.php?id=UCYKP16oMX9KKPbrNgo_Kgag	ğŸŒˆã‚¨ãƒ«ãƒ•ã®ãˆã‚‹,ğŸŒVtuber post
https://vtuber-post.com/database/detail.php?id=UCwQ9Uv-m8xkE5PzRc7Bqx3Q	ğŸŒˆå¾¡ä¼½åŸæ±Ÿè‰¯,ğŸŒVtuber post
https://vtuber-post.com/database/detail.php?id=UCg63a3lk6PNeWhVvMRM_mrQ	ğŸŒˆå°é‡ç”ºæ˜¥é¦™,ğŸŒVtuber post
https://vtuber-post.com/database/detail.php?id=UCo2N7C-Z91waaR6lF3LL_jw	ğŸŒˆç”²æ–ç”°æ™´,ğŸŒVtuber post
https://vtuber-post.com/database/detail.php?id=UCmovZ2th3Sqpd00F5RdeigQ	ğŸŒˆåŠ è³€ç¾ãƒãƒ¤ãƒˆ,ğŸŒVtuber post
https://vtuber-post.com/database/detail.php?id=UCufQu4q65z63IgE4cfKs1BQ	ğŸŒˆèªéƒ¨ç´¡,ğŸŒVtuber post
https://vtuber-post.com/database/detail.php?id=UCspv01oxUFf_MTSipURRhkA	ğŸŒˆå¶,ğŸŒVtuber post
https://vtuber-post.com/database/detail.php?id=UCWz0CSYCxf4MhRKPDm220AQ	ğŸŒˆç¥ç”°ç¬‘ä¸€,ğŸŒVtuber post
https://vtuber-post.com/database/detail.php?id=UCRqBKoKuX30ruKAq05pCeRQ	ğŸŒˆåŒ—å°è·¯ãƒ’ã‚¹ã‚¤,ğŸŒVtuber post
https://vtuber-post.com/database/detail.php?id=UC69URn8iP4u8D_zUp-IJ1sg	ğŸŒˆé‡‘é­šå‚ã‚ã„ã‚,ğŸŒVtuber post
https://vtuber-post.com/database/detail.php?id=UCUzJ90o1EjqUbk2pBAy0_aw	ğŸŒˆã‚®ãƒ«ã‚¶ãƒ¬ãƒ³â…¢ä¸–,ğŸŒVtuber post
https://vtuber-post.com/database/detail.php?id=UCSFCh5NL4qXrAy9u-u2lX3g	ğŸŒˆè‘›è‘‰,ğŸŒVtuber post
https://vtuber-post.com/database/detail.php?id=UCRcLAVTbmx2-iNcXSsupdNA	ğŸŒˆæ¥æ –å¤èŠ½,ğŸŒVtuber post
https://vtuber-post.com/database/detail.php?id=UCmeyo5pRj_6PXG-CsGUuWWg	ğŸŒˆé»’äº•ã—ã°,ğŸŒVtuber post
https://vtuber-post.com/database/detail.php?id=UC1QgXt46-GEvtNjEC1paHnw	ğŸŒˆã‚°ã‚¦ã‚§ãƒ«ãƒ»ã‚ªã‚¹ãƒ»â€¦,ğŸŒVtuber post
https://vtuber-post.com/database/detail.php?id=UCeShTCVgZyq2lsBW9QwIJcw	ğŸŒˆéƒ¡é“ç¾ç²,ğŸŒVtuber post
https://vtuber-post.com/database/detail.php?id=UCv1fFr156jc65EMiLbaLImw	ğŸŒˆå‰£æŒåˆ€ä¹Ÿ,ğŸŒVtuber post
https://vtuber-post.com/database/detail.php?id=UCGw7lrT-rVZCWHfdG9Frcgg	ğŸŒˆå¼¦æœˆè—¤å£«éƒ,ğŸŒVtuber post
https://vtuber-post.com/database/detail.php?id=UCNW1Ex0r6HsWRD4LCtPwvoQ	ğŸŒˆä¸‰ææ˜é‚£,ğŸŒVtuber post
https://vtuber-post.com/database/detail.php?id=UCfQVs_KuXeNAlGa3fb8rlnQ	ğŸŒˆæ¡œå‡›æœˆ,ğŸŒVtuber post
https://vtuber-post.com/database/detail.php?id=UCoztvTULBYd3WmStqYeoHcA	ğŸŒˆç¬¹æœ¨å’²,ğŸŒVtuber post
https://vtuber-post.com/database/detail.php?id=UC_4tXjqecqox5Uc05ncxpxg	ğŸŒˆæ¤åå”¯è¯,ğŸŒVtuber post
https://vtuber-post.com/database/detail.php?id=UCHBhnG2G-qN0JrrWmMO2FTA	ğŸŒˆã‚·ã‚§ãƒªãƒ³ãƒ»ãƒãƒ¼ã‚¬â€¦,ğŸŒVtuber post
https://vtuber-post.com/database/detail.php?id=UC1zFJrfEKvCixhsjNSb1toQ	ğŸŒˆã‚·ã‚¹ã‚¿ãƒ¼ãƒ»ã‚¯ãƒ¬ã‚¢,ğŸŒVtuber post
https://vtuber-post.com/database/detail.php?id=UC6oDys1BGgBsIC3WhG1BovQ	ğŸŒˆé™å‡›,ğŸŒVtuber post
https://vtuber-post.com/database/detail.php?id=UCeK9HFcRZoTrvqcUCtccMoQ	ğŸŒˆæ¸‹è°·ãƒã‚¸ãƒ¡,ğŸŒVtuber post
https://vtuber-post.com/database/detail.php?id=UCuvk5PilcvDECU7dDZhQiEw	ğŸŒˆç™½é›ªå·´,ğŸŒVtuber post
https://vtuber-post.com/database/detail.php?id=UChUJbHiTVeGrSkTdBzVfNCQ	ğŸŒˆã‚¸ãƒ§ãƒ¼ãƒ»åŠ›ä¸€,ğŸŒVtuber post
https://vtuber-post.com/database/detail.php?id=UCL_O_HXgLJx3Auteer0n0pA	ğŸŒˆå‘¨å¤®ã‚µãƒ³ã‚´,ğŸŒVtuber post
https://vtuber-post.com/database/detail.php?id=UC8C1LLhBhf_E2IBPLSDJXlQ	ğŸŒˆå¥å±‹èŠ±é‚£,ğŸŒVtuber post
https://vtuber-post.com/database/detail.php?id=UCwokZsOK_uEre70XayaFnzA	ğŸŒˆéˆ´é¹¿è©©å­,ğŸŒVtuber post
https://vtuber-post.com/database/detail.php?id=UCryOPk2GZ1meIDt53tL30Tw	ğŸŒˆéˆ´æœ¨å‹,ğŸŒVtuber post
https://vtuber-post.com/database/detail.php?id=UCaF-mODqAziHivqg0Q61XKQ	ğŸŒˆéˆ´æœ¨å‹,ğŸŒVtuber post
https://vtuber-post.com/database/detail.php?id=UC_a1ZYZ8ZTXpjg9xUY9sj8w	ğŸŒˆéˆ´åŸã‚‹ã‚‹,ğŸŒVtuber post
https://vtuber-post.com/database/detail.php?id=UCpnvhOIJ6BN-vPkYU9ls-Eg	ğŸŒˆéˆ´è°·ã‚¢ã‚­,ğŸŒVtuber post
https://vtuber-post.com/database/detail.php?id=UCt9qik4Z-_J-rj3bKKQCeHg	ğŸŒˆéˆ´è°·ã‚¢ã‚­,ğŸŒVtuber post
https://vtuber-post.com/database/detail.php?id=UCHK5wkevfaGrPr7j3g56Jmw	ğŸŒˆç€¬æˆ¸ç¾å¤œå­,ğŸŒVtuber post
https://vtuber-post.com/database/detail.php?id=UC_82HBGtvwN1hcGeOGHzUBQ	ğŸŒˆç©ºæ˜Ÿãã‚‰ã‚,ğŸŒVtuber post
https://vtuber-post.com/database/detail.php?id=UCV5ZZlLjk5MKGg3L0n0vbzw	ğŸŒˆé·¹å®®ãƒªã‚ªãƒ³,ğŸŒVtuber post
https://vtuber-post.com/database/detail.php?id=UCD-miitqNY3nyukJ4Fnf4_A	ğŸŒˆæœˆãƒç¾å…,ğŸŒVtuber post
https://vtuber-post.com/database/detail.php?id=UCjlmCrq4TP1I4xguOtJ-31w	ğŸŒˆã§ã³ã§ã³ãƒ»ã§ã³ã‚‹,ğŸŒVtuber post
https://vtuber-post.com/database/detail.php?id=UCP19rQ5V-46B-6ZeLDJqp5w	ğŸŒˆã§ã³ã§ã³ãƒ»ã§ã³ã‚‹,ğŸŒVtuber post
https://vtuber-post.com/database/detail.php?id=UCebT4Aq-3XWb5je1S1FvR_A	ğŸŒˆæ±å ‚ã‚³ãƒã‚¯,ğŸŒVtuber post
https://vtuber-post.com/database/detail.php?id=UCRV9d6YCYIMUszK-83TwxVA	ğŸŒˆè½Ÿäº¬å­,ğŸŒVtuber post
https://vtuber-post.com/database/detail.php?id=UC53UDnhAAYwvNO7j_2Ju1cQ	ğŸŒˆãƒ‰ãƒ¼ãƒ©,ğŸŒVtuber post
https://vtuber-post.com/database/detail.php?id=UCXW4MqCQn-jCaxlX-nn-BYg	ğŸŒˆé•·å°¾æ™¯,ğŸŒVtuber post
https://vtuber-post.com/database/detail.php?id=UC-o-E6I3IC2q8sAoAuM6Umg	ğŸŒˆå¥ˆç¾…èŠ±,ğŸŒVtuber post
https://vtuber-post.com/database/detail.php?id=UCoM_XmK45j504hfUWvN06Qg	ğŸŒˆæˆç€¬é³´,ğŸŒVtuber post
https://vtuber-post.com/database/detail.php?id=UCkngxfPbmGyGl_RIq4FA3MQ	ğŸŒˆè¥¿åœ’ãƒã‚°ã‚µ,ğŸŒVtuber post
https://vtuber-post.com/database/detail.php?id=UCUc8GZfFxtmk7ZwSO7ccQ0g	ğŸŒˆãƒ‹ãƒ¥ã‚¤ãƒ»ã‚½ã‚·ã‚¨ãƒ¼ãƒ«,ğŸŒVtuber post
https://vtuber-post.com/database/detail.php?id=UCGYAYLDE7TZiiC8U6teciDQ	ğŸŒˆè‘‰åŠ ç€¬å†¬é›ª,ğŸŒVtuber post
https://vtuber-post.com/database/detail.php?id=UCsFn_ueskBkMCEyzCEqAOvg	ğŸŒˆèŠ±ç•‘ãƒãƒ£ã‚¤ã‚«,ğŸŒVtuber post
https://vtuber-post.com/database/detail.php?id=UC2OacIzd2UxGHRGhdHl1Rhw	ğŸŒˆæ—©ç€¬èµ°,ğŸŒVtuber post
https://vtuber-post.com/database/detail.php?id=UCfipDDn7wY-C-SoUChgxCQQ	ğŸŒˆè‘‰å±±èˆéˆ´,ğŸŒVtuber post
https://vtuber-post.com/database/detail.php?id=UCtAvQ5U0aXyKwm2i4GqFgJg	ğŸŒˆæ˜¥å´ã‚¨ã‚¢ãƒ«,ğŸŒVtuber post
https://vtuber-post.com/database/detail.php?id=UCsg-YqdqQ-KFF0LNk23BY4A	ğŸŒˆæ¨‹å£æ¥“,ğŸŒVtuber post
https://vtuber-post.com/database/detail.php?id=UCXU7YYxy_iQd3ulXyO-zC2w	ğŸŒˆä¼è¦‹ã‚¬ã‚¯,ğŸŒVtuber post
https://vtuber-post.com/database/detail.php?id=UCwrjITPwG4q71HzihV2C7Nw	ğŸŒˆãƒ•ãƒŸ,ğŸŒVtuber post
https://vtuber-post.com/database/detail.php?id=UCBiqkFJljoxAj10SoP2w2Cg	ğŸŒˆæ–‡é‡ç’°,ğŸŒVtuber post
https://vtuber-post.com/database/detail.php?id=UCuep1JCrMvSxOGgGhBfJuYw	ğŸŒˆãƒ•ãƒ¬ãƒ³ãƒ»ï¼¥ãƒ»ãƒ«ã‚¹â€¦,ğŸŒVtuber post
https://vtuber-post.com/database/detail.php?id=UC6wvdADTJ88OfIbJYIpAaDA	ğŸŒˆä¸ç ´æ¹Š,ğŸŒVtuber post
https://vtuber-post.com/database/detail.php?id=UCbc8fwhdUNlqi-J99ISYu4A	ğŸŒˆãƒ™ãƒ«ãƒ¢ãƒ³ãƒ‰ãƒ»ãƒãƒ³â€¦,ğŸŒVtuber post
https://vtuber-post.com/database/detail.php?id=UC9V3Y3_uzU5e-usObb6IE1w	ğŸŒˆæ˜Ÿå·ã‚µãƒ©,ğŸŒVtuber post
https://vtuber-post.com/database/detail.php?id=UC0g1AE0DOjBYnLhkgoRWN1w	ğŸŒˆæœ¬é–“ã²ã¾ã‚ã‚Š,ğŸŒVtuber post
https://vtuber-post.com/database/detail.php?id=UCGqO-zHwgaTiKR5tIXzZO0A	ğŸŒˆæœ¬é–“ã²ã¾ã‚ã‚Š,ğŸŒVtuber post
https://vtuber-post.com/database/detail.php?id=UCJubINhCcFXlsBwnHp0wl_g	ğŸŒˆèˆå…ƒå•“ä»‹,ğŸŒVtuber post
https://vtuber-post.com/database/detail.php?id=UC9EjSJ8pvxtvPdxLOElv73w	ğŸŒˆé­”ç•Œãƒã‚Šã‚Šã‚€,ğŸŒVtuber post
https://vtuber-post.com/database/detail.php?id=UCfki3lMEF6SGBFiFfo9kvUA	ğŸŒˆã¾ã—ã‚,ğŸŒVtuber post
https://vtuber-post.com/database/detail.php?id=UCo7TRj3cS-f_1D9ZDmuTsjw	ğŸŒˆç”ºç”°ã¡ã¾,ğŸŒVtuber post
https://vtuber-post.com/database/detail.php?id=UCerkculBD7YLc_vOGrF7tKg	ğŸŒˆé­”ä½¿ãƒã‚ª,ğŸŒVtuber post
https://vtuber-post.com/database/detail.php?id=UCb5JxV6vKlYVknoJB8TnyYg	ğŸŒˆé»›ç°,ğŸŒVtuber post
https://vtuber-post.com/database/detail.php?id=UCwcyyxn6h9ex4sMXGtpQE_g	ğŸŒˆãƒ¡ãƒªãƒƒã‚µãƒ»ã‚­ãƒ³ãƒ¬â€¦,ğŸŒVtuber post
https://vtuber-post.com/database/detail.php?id=UCvmppcdYf4HOv-tFQhHHJMA	ğŸŒˆãƒ¢ã‚¤ãƒ©,ğŸŒVtuber post
https://vtuber-post.com/database/detail.php?id=UCt0clH12Xk1-Ej5PXKGfdPA	ğŸŒˆç‰©è¿°æœ‰æ –,ğŸŒVtuber post
https://vtuber-post.com/database/detail.php?id=UCtpB6Bvhs1Um93ziEDACQ8g	ğŸŒˆæ£®ä¸­èŠ±å’²,ğŸŒVtuber post
https://vtuber-post.com/database/detail.php?id=UCvzVB-EYuHFXHZrObB8a_Og	ğŸŒˆçŸ¢è»Šã‚Šã­,ğŸŒVtuber post
https://vtuber-post.com/database/detail.php?id=UCKMYISTJAQ8xTplUPHiABlA	ğŸŒˆç¤¾ç¯‰,ğŸŒVtuber post
https://vtuber-post.com/database/detail.php?id=UCllKI7VjyANuS1RXatizfLQ	ğŸŒˆå±±ç¥ã‚«ãƒ«ã‚¿,ğŸŒVtuber post
https://vtuber-post.com/database/detail.php?id=UCLO9QDxVL4bnvRRsz6K4bsQ	ğŸŒˆå‹‡æ°—ã¡ã²ã‚,ğŸŒVtuber post
https://vtuber-post.com/database/detail.php?id=UC48jH1ul-6HOrcSSfoR02fQ	ğŸŒˆå¤•é™½ãƒªãƒª,ğŸŒVtuber post
https://vtuber-post.com/database/detail.php?id=UCHX7YpFG8rVwhsHCx34xt7w	ğŸŒˆé›ªåŸçœå°‹,ğŸŒVtuber post
https://vtuber-post.com/database/detail.php?id=UCCVwhI5trmaSxfcze_Ovzfw	ğŸŒˆå¤¢æœˆãƒ­ã‚¢,ğŸŒVtuber post
https://vtuber-post.com/database/detail.php?id=UCTIE7LM5X15NVugV7Krp9Hw	ğŸŒˆå¤¢è¿½ç¿”,ğŸŒVtuber post
https://vtuber-post.com/database/detail.php?id=UCL34fAoFim9oHLbVzMKFavQ	ğŸŒˆå¤œè¦‹ã‚Œãª,ğŸŒVtuber post
https://vtuber-post.com/database/detail.php?id=UCIG9rDtgR45VCZmYnd-4DUw	ğŸŒˆãƒ©ãƒˆãƒŠãƒ»ãƒ—ãƒ†ã‚£,ğŸŒVtuber post
https://vtuber-post.com/database/detail.php?id=UCpfjQCCavrO-rnKaAaIF9dg	ğŸŒˆãƒ©ãƒˆãƒŠãƒ»ãƒ—ãƒ†ã‚£,ğŸŒVtuber post
https://vtuber-post.com/database/detail.php?id=UCZ1xuCK1kNmn5RzPYIZop3w	ğŸŒˆãƒªã‚¼ãƒ»ãƒ˜ãƒ«ã‚¨ã‚¹ã‚¿,ğŸŒVtuber post
https://vtuber-post.com/database/detail.php?id=UCt5-0i4AVHXaWJrL8Wql3mw	ğŸŒˆç·‘ä»™,ğŸŒVtuber post
https://vtuber-post.com/database/detail.php?id=UCTi_rzf5QIkXjhJjkbcAdTg	ğŸŒˆç·‘ä»™,ğŸŒVtuber post
https://vtuber-post.com/database/detail.php?id=UCPvGypSgfDkVe7JG2KygK7A	ğŸŒˆç«œèƒ†å°Š,ğŸŒVtuber post
https://vtuber-post.com/database/detail.php?id=UCb6ObE-XGCctO3WrjRZC-cw	ğŸŒˆãƒ«ã‚¤ã‚¹ãƒ»ã‚­ãƒ£ãƒŸãƒ¼,ğŸŒVtuber post
https://vtuber-post.com/database/detail.php?id=UCtnO2N4kPTXmyvedjGWdx3Q	ğŸŒˆãƒ¬ãƒ´ã‚£ãƒ»ã‚¨ãƒªãƒ•ã‚¡,ğŸŒVtuber post
https://vtuber-post.com/database/detail.php?id=UCveZ9Ic1VtcXbsyaBgxPMvg	ğŸŒˆç«¥ç”°æ˜æ²»,ğŸŒVtuber post
https://vtuber-post.com/database/detail.php?id=UC6CuqUPujM3-i2HHgr43JiQ	ğŸŒˆğŸ˜¥ç¥æˆãƒã‚¢ãƒ­,ğŸŒVtuber post
https://vtuber-post.com/database/detail.php?id=UCzmpwcn4TGmtMIkJ2BY7jew	ğŸŒˆğŸ˜¥é»’ç¾½é»’å…,ğŸŒVtuber post
https://vtuber-post.com/database/detail.php?id=UCZYyhgoV314CM14zBD6vd4A	ğŸ‘¤å¤©é–‹å¸,ğŸŒVtuber post
https://vtuber-post.com/database/detail.php?id=UC2Rr7mILebYLTjd38DNNUTw	ğŸ‘¤ãµã‡ã‚ã‚Šã™,ğŸŒVtuber post
https://vtuber-post.com/database/detail.php?id=UCuz0vzQgC8LRdS6lVV0UkUg	ğŸŒˆğŸ˜¥é åŒ—åƒå—,ğŸŒVtuber post
https://vtuber-post.com/database/detail.php?id=UCqEp6RdtsMbUNrCdCswr6pA	ğŸŒˆğŸ˜¥æµ·å¤œå‰ç¥,ğŸŒVtuber post
https://vtuber-post.com/database/detail.php?id=UCP2o-o6u4uX3uq1hXspl0rg	ğŸŒˆğŸ˜¥ä¹…é åƒæ­³,ğŸŒVtuber post
https://vtuber-post.com/database/detail.php?id=UCfM_A7lE6LkGrzx6_mOtI4g	ğŸŒˆğŸ˜¥é›ªæ±,ğŸŒVtuber post
https://vtuber-post.com/database/detail.php?id=UCqQV8xEBWd5SVZBLlYrS_5Q	ğŸŒˆğŸ˜¥æœˆè¦‹ã—ãšã,ğŸŒVtuber post
https://vtuber-post.com/database/detail.php?id=UCks41vQN-hN-1KHmpZyPY3A	ğŸŒˆğŸ˜¥åä¼½å°¾ã‚¢ã‚ºãƒ,ğŸŒVtuber post
https://vtuber-post.com/database/detail.php?id=UCF1JdALrXgub24weQpqDy9Q	ğŸŒˆğŸ˜¥é³´é–€ã“ãŒã­,ğŸŒVtuber post
https://vtuber-post.com/database/detail.php?id=UCFaDvgez8USXHiKidt0NtZg	ğŸŒˆğŸ˜¥å…«æœ”ã‚†ãš,ğŸŒVtuber post
https://vtuber-post.com/database/detail.php?id=UCNUgrFCo2Hr_VXc9bEwjcHQ	ğŸŒˆğŸ˜¥é—‡å¤œä¹ƒãƒ¢ãƒ«ãƒ«,ğŸŒVtuber post
https://vtuber-post.com/database/detail.php?id=UCw54t1EXy2BuU8Yr3lWrHpA	ğŸ‘¤çœŸå ‚é›·æ–—,ğŸŒVtuber post
https://vtuber-post.com/database/detail.php?id=UCZ5dNZsqBjBzbBl0l_IdmXg	ğŸŒˆğŸ‡®ğŸ‡© Taka Radjiman,ğŸŒVtuber post
https://vtuber-post.com/database/detail.php?id=UCA3WE2WRSpoIvtnoVGq4VAw	ğŸŒˆğŸ‡®ğŸ‡© ZEA Cornelia,ğŸŒVtuber post
https://vtuber-post.com/database/detail.php?id=UCpJtk0myFr5WnyfsmnInP-w	ğŸŒˆğŸ‡®ğŸ‡© Hana Macchia,ğŸŒVtuber post
https://vtuber-post.com/database/detail.php?id=UC8Snw5i4eOJXEQqURAK17hQ	ğŸŒˆğŸ‡®ğŸ‡© Rai Galilei,ğŸŒVtuber post
https://vtuber-post.com/database/detail.php?id=UCrR7JxkbeLY82e8gsj_I0pQ	ğŸŒˆğŸ‡®ğŸ‡© Amicia Michella,ğŸŒVtuber post
https://vtuber-post.com/database/detail.php?id=UCOmjciHZ8Au3iKMElKXCF_g	ğŸŒˆğŸ‡®ğŸ‡© Miyu Ottavia,ğŸŒVtuber post
https://vtuber-post.com/database/detail.php?id=UCkL9OLKjIQbKk2CztbpOCFg	ğŸŒˆğŸ‡®ğŸ‡© Riksa Dhirendra,ğŸŒVtuber post
https://vtuber-post.com/database/detail.php?id=UCyRkQSuhJILuGOuXk10voPg	ğŸŒˆğŸ‡®ğŸ‡© Layla Alstroemeria,ğŸŒVtuber post
https://vtuber-post.com/database/detail.php?id=UCoWH3sDpeXG1aXmOxveX4KA	ğŸŒˆğŸ‡®ğŸ‡© Nara Haramaung,ğŸŒVtuber post
https://vtuber-post.com/database/detail.php?id=UCk5r533QVMgJUdWwqegH2TA	ğŸŒˆğŸ‡®ğŸ‡© Azura Cecillia,ğŸŒVtuber post
https://vtuber-post.com/database/detail.php?id=UCjFu-9GHnabzSFRAYm1B9Dw	ğŸŒˆğŸ‡®ğŸ‡© Etna Crimsona,ğŸŒVtuber post
https://vtuber-post.com/database/detail.php?id=UCHjeZylSgXDSnor8wUnwU_g	ğŸŒˆğŸ‡®ğŸ‡© Bonnivier Pranaja,ğŸŒVtuber post
https://vtuber-post.com/database/detail.php?id=UC5qSx7KzdRwbsO1QmJc4d-w	ğŸŒˆğŸ‡®ğŸ‡© Siska Leontyne,ğŸŒVtuber post
https://vtuber-post.com/database/detail.php?id=UCUtKkGKef8BYMs3h-3zQm9A	ğŸŒˆğŸ‡°ğŸ‡· Min Suha,ğŸŒVtuber post
https://vtuber-post.com/database/detail.php?id=UCjGE11ZnF0JSR8egVAwh-3A	ğŸŒˆğŸ‡°ğŸ‡· Shin Yuya,ğŸŒVtuber post
https://vtuber-post.com/database/detail.php?id=UCzMAP-oh5-pC8j6RlCPf26w	ğŸŒˆğŸ‡°ğŸ‡· Wiffy,ğŸŒVtuber post
https://vtuber-post.com/database/detail.php?id=UCJ6LH4jMNy0JN9RSThz1mMQ	ğŸŒˆğŸ‡°ğŸ‡· Han Chiho,ğŸŒVtuber post
https://vtuber-post.com/database/detail.php?id=UCpRXCTyNNa-MnjhK6gisnRw	ğŸŒˆğŸ‡°ğŸ‡· Gaon,ğŸŒVtuber post
https://vtuber-post.com/database/detail.php?id=UCmWqYB6y8gSfPONWGspuOWQ	ğŸŒˆğŸ‡°ğŸ‡· Chae Ara,ğŸŒVtuber post
https://vtuber-post.com/database/detail.php?id=UC5ek2GWKvUKFgnKSHuuCFrw	ğŸŒˆğŸ‡°ğŸ‡· So Nagi,ğŸŒVtuber post
https://vtuber-post.com/database/detail.php?id=UCSlv7Z-4q7_7NRkzJB10A5Q	ğŸŒˆğŸ‡°ğŸ‡· Lee Siu,ğŸŒVtuber post
https://vtuber-post.com/database/detail.php?id=UC7hffDQLKIEG-_zoAQkMIvg	ğŸŒˆğŸ‡°ğŸ‡· Akira Ray,ğŸŒVtuber post
https://vtuber-post.com/database/detail.php?id=UCClwIqTUn5LDpFucHyaAhHg	ğŸŒˆğŸ‡°ğŸ‡· Lee Roha,ğŸŒVtuber post
https://vtuber-post.com/database/detail.php?id=UC1ZV7KBscK0EMoJKFu1DnDg	ğŸŒˆğŸ‡°ğŸ‡· Bora Nun,ğŸŒVtuber post
https://vtuber-post.com/database/detail.php?id=UCrhf6HYKnV6bxyaB6ooJzbw	ğŸŒˆğŸ‡¨ğŸ‡³ğŸ˜¥ Morian,ğŸŒVtuber post
https://vtuber-post.com/database/detail.php?id=UCIJ9zP6gIkT8BB4Lz4UYPhA	ğŸŒˆğŸ‡¨ğŸ‡³ğŸ˜¥ Yu Ruri,ğŸŒVtuber post
https://vtuber-post.com/database/detail.php?id=UCZgRRTDMYwHpQ7sCl0aCp2Q	ğŸŒˆğŸ‡¨ğŸ‡³ğŸ˜¥ Kaen,ğŸŒVtuber post
https://vtuber-post.com/database/detail.php?id=UCLSzgV37Dt24T8p3-TNiSLg	ğŸŒˆğŸ‡¨ğŸ‡³ğŸ˜¥ Lorou,ğŸŒVtuber post
https://vtuber-post.com/database/detail.php?id=UC6WU2SrnG019ucm_bdY6qxQ	ğŸŒˆğŸ‡¨ğŸ‡³ğŸ˜¥ Hakuren,ğŸŒVtuber post
https://vtuber-post.com/database/detail.php?id=UC_aB_-PHLFHiP61djM0oOiQ	ğŸŒˆğŸ‡®ğŸ‡³ Aadya(ã‚¢ãƒ‡ã‚£ã‚¢),ğŸŒVtuber post
https://vtuber-post.com/database/detail.php?id=UC0lik9pHju6ONgkBh7N5wHw	ğŸŒˆğŸ‡®ğŸ‡³ Vihaan(ãƒ“ãƒãƒ³),ğŸŒVtuber post
https://vtuber-post.com/database/detail.php?id=UC6oW4FXETgEGOFTxWmI2h5Q	ğŸŒˆğŸ‡®ğŸ‡³ Noor(ãƒŒãƒ¼ãƒ«),ğŸŒVtuber post
https://vtuber-post.com/database/detail.php?id=UC51CAf3nsDsjOGwHRcncYHA	ğŸ’­è’¼æµ·ã‚«ãƒ¤ãƒŠ,ğŸŒVtuber post
https://vtuber-post.com/database/detail.php?id=UCkMafPPXcU3D15G4aqxZx_Q	ğŸ’­æœéœ§ã„ã¥ã‚‹,ğŸŒVtuber post
https://vtuber-post.com/database/detail.php?id=UCYBcsFLhWktypwOK60rrHDg	ğŸŒˆğŸ‡¨ğŸ‡³ ä¸€æœ(Ichigo),ğŸŒVtuber post
https://vtuber-post.com/database/detail.php?id=UComcV5JIFj9hy24DDOywcpQ	ğŸ’­ç‰‡å€‰ä¸€å®Ÿ,ğŸŒVtuber post
https://vtuber-post.com/database/detail.php?id=UCRNrakpqXd8RTN9WWjeENIg	ğŸ’­æš®é–“ç€æš®,ğŸŒVtuber post
https://vtuber-post.com/database/detail.php?id=UCTBm2KwIhQR6BwiQZtRxl7g	ğŸ’­ç´…å¤œãºã„,ğŸŒVtuber post
https://vtuber-post.com/database/detail.php?id=UC-6Qa_TGe4t_7O0VAA_dt9g	ğŸ’­å°èŠ±ã¦ãã¨,ğŸŒVtuber post
https://vtuber-post.com/database/detail.php?id=UC9RO_y3q3S6CezWPUZwchjg	ğŸ’­ã“ã‚ã¼ã—ã¾ã†,ğŸŒVtuber post
https://vtuber-post.com/database/detail.php?id=UC2qHAqJrfFKgqBpnFV1NnGg	ğŸ’­å››ãƒå®®é€è¯,ğŸŒVtuber post
https://vtuber-post.com/database/detail.php?id=UC8ytn7bH048TWtE1MeSkuvQ	ğŸ’­è¿å–ã‹ã¥ã‚‰,ğŸŒVtuber post
https://vtuber-post.com/database/detail.php?id=UCTdqUU98050254KJrglvRpw	ğŸ’­é³©å²¡å°æ‹,ğŸŒVtuber post
https://vtuber-post.com/database/detail.php?id=UCHnfJmPoLv1wAr6vYhAXShA	ğŸ’­è–ã‚°ãƒ¬ã‚¤ãƒ«,ğŸŒVtuber post
https://vtuber-post.com/database/detail.php?id=UCekwKFXWWGehHV3kvnR23OQ	ğŸ’­é››èŠ½ã‚‹ã¡,ğŸŒVtuber post
https://vtuber-post.com/database/detail.php?id=UCDvrSLOnQdzaFS2IZENY5OA	ğŸ’­ç­†æŸ“å››å­£,ğŸŒVtuber post
https://vtuber-post.com/database/detail.php?id=UCIS6mGDlL1l9Dz-_6WaGbHA	ğŸ’­å®ç”Ÿã¦ã‚,ğŸŒVtuber post
https://vtuber-post.com/database/detail.php?id=UCyZZHHbrQm6TTq-OCw1lm1Q	ğŸ’­è¦³å½±ã¿ã‚†,ğŸŒVtuber post
https://vtuber-post.com/database/detail.php?id=UCT_njgtN2a8Ju13_NrmSs5Q	ğŸ’­é›é›ªå¾…,ğŸŒVtuber post
https://vtuber-post.com/database/detail.php?id=UCoWS4d-52qpApaGbBKHvQ5A	ğŸ’­å—çµ¢éŸ³,ğŸŒVtuber post
https://vtuber-post.com/database/detail.php?id=UCY_bDOGjQA3fXmgIqruQAAg	ğŸ’­ãƒŸãƒ¼ãƒ†ã‚£ã‚¢,ğŸŒVtuber post
https://vtuber-post.com/database/detail.php?id=UCj2OT0HavdPpe_QMeYSzlDQ	ğŸ’­ã‚Šã„ã‹,ğŸŒVtuber post
https://vtuber-post.com/database/detail.php?id=UCvA6AYRJPUSrGZp31kayhEQ	ğŸ’­å…­é“ã‚«ãƒ­,ğŸŒVtuber post
https://vtuber-post.com/database/detail.php?id=UCd5GupJDWS5OsjztuD0IGhw	ğŸ’­ãƒ­ãƒƒãƒ‰ãƒ»ã‚¯ãƒ­ã‚¦ãƒªãƒ¼,ğŸŒVtuber post
https://vtuber-post.com/database/detail.php?id=UCM1Gmvi1OpILObCSwfZbKBg	ğŸ‘¤SLEE ã‚‚ã‚‚ã¯ã‚‰ã¿ã®ã‚Š,ğŸŒVtuber post
https://vtuber-post.com/database/detail.php?id=UCMi5xsCgbQRDJJudCISB1qA	ğŸ‘¤SLEE æ°·å„šã‹ã®,ğŸŒVtuber post
https://vtuber-post.com/database/detail.php?id=UC3j7cyW1U7dbE5ipXbpPi9Q	ğŸ‘¤SLEE å§«ãªãã•,ğŸŒVtuber post
https://vtuber-post.com/database/detail.php?id=UCzhK2GsIyIoLIclztGlyLZA	ğŸ‘¤SLEE èµ¤æ–ã¾ã‚Šã‚“,ğŸŒVtuber post