あいぞのまなみ	愛園愛美	%E6%84%9B%E5%9C%92%E6%84%9B%E7%BE%8E
あいばういは	相羽ういは	%E7%9B%B8%E7%BE%BD%E3%81%86%E3%81%84%E3%81%AF
あかばねようこ	赤羽葉子	%E8%B5%A4%E7%BE%BD%E8%91%89%E5%AD%90
あさひなあかね	朝日南アカネ	%E6%9C%9D%E6%97%A5%E5%8D%97%E3%82%A2%E3%82%AB%E3%83%8D
あすかひな	飛鳥ひな	%E9%A3%9B%E9%B3%A5%E3%81%B2%E3%81%AA
あづちもも	安土桃	%E5%AE%89%E5%9C%9F%E6%A1%83
あまみやこころ	天宮こころ	%E5%A4%A9%E5%AE%AE%E3%81%93%E3%81%93%E3%82%8D
あめもりさよ	雨森小夜	%E9%9B%A8%E6%A3%AE%E5%B0%8F%E5%A4%9C
あるすあるまる	アルス・アルマル	%E3%82%A2%E3%83%AB%E3%82%B9%E3%83%BB%E3%82%A2%E3%83%AB%E3%83%9E%E3%83%AB
あんじゅかとりーな	アンジュ・カトリーナ	%E3%82%A2%E3%83%B3%E3%82%B8%E3%83%A5%E3%83%BB%E3%82%AB%E3%83%88%E3%83%AA%E3%83%BC%E3%83%8A
いえながむぎ	家長むぎ	%E5%AE%B6%E9%95%B7%E3%82%80%E3%81%8E
いずもかすみ	出雲霞	%E5%87%BA%E9%9B%B2%E9%9C%9E
いぬいとこ	戌亥とこ	%E6%88%8C%E4%BA%A5%E3%81%A8%E3%81%93
いぶらひむ	イブラヒム	%E3%82%A4%E3%83%96%E3%83%A9%E3%83%92%E3%83%A0
うしみいちご	宇志海いちご	%E5%AE%87%E5%BF%97%E6%B5%B7%E3%81%84%E3%81%A1%E3%81%94
うづきこう	卯月コウ	%E5%8D%AF%E6%9C%88%E3%82%B3%E3%82%A6
えくすあるびお	エクス・アルビオ	%E3%82%A8%E3%82%AF%E3%82%B9%E3%83%BB%E3%82%A2%E3%83%AB%E3%83%93%E3%82%AA
えまおうがすと	えま★おうがすと	%E3%81%88%E3%81%BE%E2%98%85%E3%81%8A%E3%81%86%E3%81%8C%E3%81%99%E3%81%A8
えりーこにふぁー	エリー・コニファー	%E3%82%A8%E3%83%AA%E3%83%BC%E3%83%BB%E3%82%B3%E3%83%8B%E3%83%95%E3%82%A1%E3%83%BC
える	える	%E3%81%88%E3%82%8B
おとぎばらえら	御伽原江良	%E5%BE%A1%E4%BC%BD%E5%8E%9F%E6%B1%9F%E8%89%AF
おのまちはるか	小野町春香	%E5%B0%8F%E9%87%8E%E7%94%BA%E6%98%A5%E9%A6%99
かいだはる	甲斐田晴	%E7%94%B2%E6%96%90%E7%94%B0%E6%99%B4
かがみはやと	加賀美ハヤト	%E5%8A%A0%E8%B3%80%E7%BE%8E%E3%83%8F%E3%83%A4%E3%83%88
かたりべつむぐ	語部紡	%E8%AA%9E%E9%83%A8%E7%B4%A1
かなえ	叶	%E5%8F%B6
かんだしょういち	神田笑一	%E7%A5%9E%E7%94%B0%E7%AC%91%E4%B8%80
きたこうじひすい	北小路ヒスイ	%E5%8C%97%E5%B0%8F%E8%B7%AF%E3%83%92%E3%82%B9%E3%82%A4
きんぎょざかめいろ	金魚坂めいろ	%E9%87%91%E9%AD%9A%E5%9D%82%E3%82%81%E3%81%84%E3%82%8D
ぎるざれんさんせい	ギルザレンⅢ世	%E3%82%AE%E3%83%AB%E3%82%B6%E3%83%AC%E3%83%B3%E2%85%A2%E4%B8%96
くずは	葛葉	%E8%91%9B%E8%91%89
くるすなつめ	来栖夏芽	%E6%9D%A5%E6%A0%96%E5%A4%8F%E8%8A%BD
くろいしば	黒井しば	%E9%BB%92%E4%BA%95%E3%81%97%E3%81%B0
ぐうぇるおすがーる	グウェル・オス・ガール	%E3%82%B0%E3%82%A6%E3%82%A7%E3%83%AB%E3%83%BB%E3%82%AA%E3%82%B9%E3%83%BB%E3%82%AC%E3%83%BC%E3%83%AB
ぐんどうみれい	郡道美玲	%E9%83%A1%E9%81%93%E7%BE%8E%E7%8E%B2
けんもちとうや	剣持刀也	%E5%89%A3%E6%8C%81%E5%88%80%E4%B9%9F
げんづきとうじろう	弦月藤士郎	%E5%BC%A6%E6%9C%88%E8%97%A4%E5%A3%AB%E9%83%8E
さえぐさあきな	三枝明那	%E4%B8%89%E6%9E%9D%E6%98%8E%E9%82%A3
さくらりつき	桜凛月	%E6%A1%9C%E5%87%9B%E6%9C%88
ささきさく	笹木咲	%E7%AC%B9%E6%9C%A8%E5%92%B2
しいなゆいか	椎名唯華	%E6%A4%8E%E5%90%8D%E5%94%AF%E8%8F%AF
しぇりんばーがんでぃ	シェリン・バーガンディ	%E3%82%B7%E3%82%A7%E3%83%AA%E3%83%B3%E3%83%BB%E3%83%90%E3%83%BC%E3%82%AC%E3%83%B3%E3%83%87%E3%82%A3
しすたーくれあ	シスター・クレア	%E3%82%B7%E3%82%B9%E3%82%BF%E3%83%BC%E3%83%BB%E3%82%AF%E3%83%AC%E3%82%A2
しずかりん	静凛	%E9%9D%99%E5%87%9B
しぶやはじめ	渋谷ハジメ	%E6%B8%8B%E8%B0%B7%E3%83%8F%E3%82%B8%E3%83%A1
しらゆきともえ	白雪巴	%E7%99%BD%E9%9B%AA%E5%B7%B4
じょーりきいち	ジョー・力一	%E3%82%B8%E3%83%A7%E3%83%BC%E3%83%BB%E5%8A%9B%E4%B8%80
すおうさんご	周央サンゴ	%E5%91%A8%E5%A4%AE%E3%82%B5%E3%83%B3%E3%82%B4
すこやかな	健屋花那	%E5%81%A5%E5%B1%8B%E8%8A%B1%E9%82%A3
すずかうたこ	鈴鹿詩子	%E9%88%B4%E9%B9%BF%E8%A9%A9%E5%AD%90
すずきまさる	鈴木勝	%E9%88%B4%E6%9C%A8%E5%8B%9D
すずはらるる	鈴原るる	%E9%88%B4%E5%8E%9F%E3%82%8B%E3%82%8B
すずやあき	鈴谷アキ	%E9%88%B4%E8%B0%B7%E3%82%A2%E3%82%AD
せとみやこ	瀬戸美夜子	%E7%80%AC%E6%88%B8%E7%BE%8E%E5%A4%9C%E5%AD%90
そらほしきらめ	空星きらめ	%E7%A9%BA%E6%98%9F%E3%81%8D%E3%82%89%E3%82%81
たかみやりおん	鷹宮リオン	%E9%B7%B9%E5%AE%AE%E3%83%AA%E3%82%AA%E3%83%B3
つきのみと	月ノ美兎	%E6%9C%88%E3%83%8E%E7%BE%8E%E5%85%8E
でびでびでびる	でびでび・でびる	%E3%81%A7%E3%81%B3%E3%81%A7%E3%81%B3%E3%83%BB%E3%81%A7%E3%81%B3%E3%82%8B
とうどうこはく	東堂コハク	%E6%9D%B1%E5%A0%82%E3%82%B3%E3%83%8F%E3%82%AF
とどろききょうこ	轟京子	%E8%BD%9F%E4%BA%AC%E5%AD%90
どーら	ドーラ	%E3%83%89%E3%83%BC%E3%83%A9
ながおけい	長尾景	%E9%95%B7%E5%B0%BE%E6%99%AF
ならか	奈羅花	%E5%A5%88%E7%BE%85%E8%8A%B1
なるせなる	成瀬鳴	%E6%88%90%E7%80%AC%E9%B3%B4
にしぞのちぐさ	西園チグサ	%E8%A5%BF%E5%9C%92%E3%83%81%E3%82%B0%E3%82%B5
にゅいそしえーる	ニュイ・ソシエール	%E3%83%8B%E3%83%A5%E3%82%A4%E3%83%BB%E3%82%BD%E3%82%B7%E3%82%A8%E3%83%BC%E3%83%AB
はかせふゆき	葉加瀬冬雪	%E8%91%89%E5%8A%A0%E7%80%AC%E5%86%AC%E9%9B%AA
はなばたけちゃいか	花畑チャイカ	%E8%8A%B1%E7%95%91%E3%83%81%E3%83%A3%E3%82%A4%E3%82%AB
はやせそう	早瀬走	%E6%97%A9%E7%80%AC%E8%B5%B0
はやままりん	葉山舞鈴	%E8%91%89%E5%B1%B1%E8%88%9E%E9%88%B4
はるさきえある	春崎エアル	%E6%98%A5%E5%B4%8E%E3%82%A8%E3%82%A2%E3%83%AB
ひぐちかえで	樋口楓	%E6%A8%8B%E5%8F%A3%E6%A5%93
ふしみがく	伏見ガク	%E4%BC%8F%E8%A6%8B%E3%82%AC%E3%82%AF
ふみ	フミ	%E3%83%95%E3%83%9F
ふみのたまき	文野環	%E6%96%87%E9%87%8E%E7%92%B0
ふれんいーるすたりお	フレン・E・ルスタリオ	%E3%83%95%E3%83%AC%E3%83%B3%E3%83%BBE%E3%83%BB%E3%83%AB%E3%82%B9%E3%82%BF%E3%83%AA%E3%82%AA
ふわみなと	不破湊	%E4%B8%8D%E7%A0%B4%E6%B9%8A
べるもんどばんでらす	ベルモンド・バンデラス	%E3%83%99%E3%83%AB%E3%83%A2%E3%83%B3%E3%83%89%E3%83%BB%E3%83%90%E3%83%B3%E3%83%87%E3%83%A9%E3%82%B9
ほしかわさら	星川サラ	%E6%98%9F%E5%B7%9D%E3%82%B5%E3%83%A9
ほんまひまわり	本間ひまわり	%E6%9C%AC%E9%96%93%E3%81%B2%E3%81%BE%E3%82%8F%E3%82%8A
まいもとけいすけ	舞元啓介	%E8%88%9E%E5%85%83%E5%95%93%E4%BB%8B
まかいのりりむ	魔界ノりりむ	%E9%AD%94%E7%95%8C%E3%83%8E%E3%82%8A%E3%82%8A%E3%82%80
ましろ	ましろ	%E3%81%BE%E3%81%97%E3%82%8D
まちたちま	町田ちま	%E7%94%BA%E7%94%B0%E3%81%A1%E3%81%BE
まつかいまお	魔使マオ	%E9%AD%94%E4%BD%BF%E3%83%9E%E3%82%AA
まゆずみかい	黛灰	%E9%BB%9B%E7%81%B0
めりっさきんれんか	メリッサ・キンレンカ	%E3%83%A1%E3%83%AA%E3%83%83%E3%82%B5%E3%83%BB%E3%82%AD%E3%83%B3%E3%83%AC%E3%83%B3%E3%82%AB
もいら	モイラ	%E3%83%A2%E3%82%A4%E3%83%A9
もののべありす	物述有栖	%E7%89%A9%E8%BF%B0%E6%9C%89%E6%A0%96
もりなかかざき	森中花咲	%E6%A3%AE%E4%B8%AD%E8%8A%B1%E5%92%B2
やぐるまりね	矢車りね	%E7%9F%A2%E8%BB%8A%E3%82%8A%E3%81%AD
やしろきずく	社築	%E7%A4%BE%E7%AF%89
やまがみかるた	山神カルタ	%E5%B1%B1%E7%A5%9E%E3%82%AB%E3%83%AB%E3%82%BF
ゆうきちひろ	勇気ちひろ	%E5%8B%87%E6%B0%97%E3%81%A1%E3%81%B2%E3%82%8D
ゆうひりり	夕陽リリ	%E5%A4%95%E9%99%BD%E3%83%AA%E3%83%AA
ゆきしろまひろ	雪城眞尋	%E9%9B%AA%E5%9F%8E%E7%9C%9E%E5%B0%8B
ゆづきろあ	夢月ロア	%E5%A4%A2%E6%9C%88%E3%83%AD%E3%82%A2
ゆめおいかける	夢追翔	%E5%A4%A2%E8%BF%BD%E7%BF%94
よるみれな	夜見れな	%E5%A4%9C%E8%A6%8B%E3%82%8C%E3%81%AA
らとなぷてぃ	ラトナ・プティ	%E3%83%A9%E3%83%88%E3%83%8A%E3%83%BB%E3%83%97%E3%83%86%E3%82%A3
りぜへるえすた	リゼ・ヘルエスタ	%E3%83%AA%E3%82%BC%E3%83%BB%E3%83%98%E3%83%AB%E3%82%A8%E3%82%B9%E3%82%BF
りゅーしぇん	緑仙	%E7%B7%91%E4%BB%99
りんどうみこと	竜胆尊	%E7%AB%9C%E8%83%86%E5%B0%8A
るいすきゃみー	ルイス・キャミー	%E3%83%AB%E3%82%A4%E3%82%B9%E3%83%BB%E3%82%AD%E3%83%A3%E3%83%9F%E3%83%BC
れゔぃえりふぁ	レヴィ・エリファ	%E3%83%AC%E3%83%B4%E3%82%A3%E3%83%BB%E3%82%A8%E3%83%AA%E3%83%95%E3%82%A1
わらべだめいじー	童田明治	%E7%AB%A5%E7%94%B0%E6%98%8E%E6%B2%BB
てんかいつかさ	天開司	%E5%A4%A9%E9%96%8B%E5%8F%B8
ふぇありす	ふぇありす	%E3%81%B5%E3%81%87%E3%81%82%E3%82%8A%E3%81%99
かみなりぽあろ	神成ポアロ	%E7%A5%9E%E6%88%90%E3%83%9D%E3%82%A2%E3%83%AD
くろはくろと	黒羽黒兎	%E9%BB%92%E7%BE%BD%E9%BB%92%E5%85%8E
あちきたちなみ	遠北千南	%E9%81%A0%E5%8C%97%E5%8D%83%E5%8D%97
うみやしゃのかみ	海夜叉神	%E6%B5%B7%E5%A4%9C%E5%8F%89%E7%A5%9E
くどうちとせ	久遠千歳	%E4%B9%85%E9%81%A0%E5%8D%83%E6%AD%B3
せつな	雪汝	%E9%9B%AA%E6%B1%9D
つきみしずく	月見しずく	%E6%9C%88%E8%A6%8B%E3%81%97%E3%81%9A%E3%81%8F
なかおあずま	名伽尾アズマ	%E5%90%8D%E4%BC%BD%E5%B0%BE%E3%82%A2%E3%82%BA%E3%83%9E
なるとこがね	鳴門こがね	%E9%B3%B4%E9%96%80%E3%81%93%E3%81%8C%E3%81%AD
はっさくゆず	八朔ゆず	%E5%85%AB%E6%9C%94%E3%82%86%E3%81%9A
やみよのもるる	闇夜乃モルル	%E9%97%87%E5%A4%9C%E4%B9%83%E3%83%A2%E3%83%AB%E3%83%AB
しんどうらいと	真堂雷斗	%E7%9C%9F%E5%A0%82%E9%9B%B7%E6%96%97
ゆーどりっく	ユードリック	%E3%83%A6%E3%83%BC%E3%83%89%E3%83%AA%E3%83%83%E3%82%AF
かさはらあお	笠原蒼	%E7%AC%A0%E5%8E%9F%E8%92%BC
ゔぉるふがんぐごせい	ヴォルフガング5世	%E3%83%B4%E3%82%A9%E3%83%AB%E3%83%95%E3%82%AC%E3%83%B3%E3%82%B05%E4%B8%96
ぷろふぇっさーえばんす	プロフェッサー・エバンス	%E3%83%97%E3%83%AD%E3%83%95%E3%82%A7%E3%83%83%E3%82%B5%E3%83%BC%E3%83%BB%E3%82%A8%E3%83%90%E3%83%B3%E3%82%B9
さいるすと	サイルスト	%E3%82%B5%E3%82%A4%E3%83%AB%E3%82%B9%E3%83%88
にこ	弐伍	%E5%BC%90%E4%BC%8D
たかなしみみ	小鳥遊ミミ	%E5%B0%8F%E9%B3%A5%E9%81%8A%E3%83%9F%E3%83%9F
うみほしすてら	海星ステラ	%E6%B5%B7%E6%98%9F%E3%82%B9%E3%83%86%E3%83%A9
はなぶせしほ	花伏しほ	%E8%8A%B1%E4%BC%8F%E3%81%97%E3%81%BB
かどなしえりふぁ	角無絵里華	%E8%A7%92%E7%84%A1%E7%B5%B5%E9%87%8C%E8%8F%AF
つきのみう	月野美兎	%E6%9C%88%E9%87%8E%E7%BE%8E%E5%85%8E
そらほしきらと	空星キラト	%E7%A9%BA%E6%98%9F%E3%82%AD%E3%83%A9%E3%83%88
るこ	Ruco	Ruco
よみなみさくや	黄泉波咲夜	%E9%BB%84%E6%B3%89%E6%B3%A2%E5%92%B2%E5%A4%9C
でびっち	でびっち	%E3%81%A7%E3%81%B3%E3%81%A3%E3%81%A1
しぶやおわり	渋谷オワリ	%E6%B8%8B%E8%B0%B7%E3%82%AA%E3%83%AF%E3%83%AA
のらねこ	野良猫	%E9%87%8E%E8%89%AF%E7%8C%AB
ゆがみん	ゆがみん	%E3%82%86%E3%81%8C%E3%81%BF%E3%82%93
たずみりく	田角リク	%E7%94%B0%E8%A7%92%E3%83%AA%E3%82%AF
けんもちりきや	剣持力也	%E5%89%A3%E6%8C%81%E5%8A%9B%E4%B9%9F
けんもちとうこ	剣持刀子	%E5%89%A3%E6%8C%81%E5%88%80%E5%AD%90
たからじまん	Taka Radjiman	Taka%20Radjiman
ぜあこるねりあ	ZEA Cornelia	ZEA%20Cornelia
はなまきあ	Hana Macchia	Hana%20Macchia
らいがりれい	Rai Galilei	Rai%20Galilei
あみしあみしぇら	Amicia Michella	Amicia%20Michella
みゆおったゔぃあ	Miyu Ottavia	Miyu%20Ottavia
りくさでぃれんどら	Riksa Dhirendra	Riksa%20Dhirendra
らいらあるすとろえめりあ	Layla Alstroemeria	Layla%20Alstroemeria
ならはらまうん	Nara Haramaung	Nara%20Haramaung
あずらせしりあ	Azura Cecillia	Azura%20Cecillia
えとなくりむそん	Etna Crimson	Etna%20Crimson
ぼんにふぃえるぷらなじゃ	Bonnivier Pranaja	Bonnivier%20Pranaja
しすかれおんたいん	Siska Leontyne	Siska%20Leontyne
あきられい	아키라 레이	%EC%95%84%ED%82%A4%EB%9D%BC%20%EB%A0%88%EC%9D%B4
いしう	이시우	%EC%9D%B4%EC%8B%9C%EC%9A%B0
いろは	이로하	%EC%9D%B4%EB%A1%9C%ED%95%98
うぃふぃ	위피	%EC%9C%84%ED%94%BC
がおん	가온	%EA%B0%80%EC%98%A8
しんゆや	신유야	%EC%8B%A0%EC%9C%A0%EC%95%BC
そなぎ	소나기	%EC%86%8C%EB%82%98%EA%B8%B0
ちぇあら	채아라	%EC%B1%84%EC%95%84%EB%9D%BC
ぬんぼら	눈보라	%EB%88%88%EB%B3%B4%EB%9D%BC
はんちほ	한치호	%ED%95%9C%EC%B9%98%ED%98%B8
みんすぅーは	민수하	%EB%AF%BC%EC%88%98%ED%95%98
ゆるり	유루리	%EC%9C%A0%EB%A3%A8%EB%A6%AC
かえん	카엔	%EC%B9%B4%EC%97%94
ろーろー	로로	%EB%A1%9C%EB%A1%9C
はくれん	백연	%EB%B0%B1%EC%97%B0
あいね	艾因	%E8%89%BE%E5%9B%A0
あざ	阿萨	%E9%98%BF%E8%90%A8
いちご	一果	%E4%B8%80%E6%9E%9C
かおす	卡欧斯	%E5%8D%A1%E6%AC%A7%E6%96%AF
かる	花留	%E8%8A%B1%E7%95%99
きよら	清良	%E6%B8%85%E8%89%AF
こういち	光一	%E5%85%89%E4%B8%80
さまえる	萨麦尔	%E8%90%A8%E9%BA%A6%E5%B0%94
さや	沙夜	%E6%B2%99%E5%A4%9C
しき	紫纪	%E7%B4%AB%E7%BA%AA
せいや	星也	%E6%98%9F%E4%B9%9F
たびびと	度人	%E5%BA%A6%E4%BA%BA
ちはる	千春	%E5%8D%83%E6%98%A5
ななみ	七海	%E4%B8%83%E6%B5%B7
にゃつき	喵月	%E5%96%B5%E6%9C%88
ぷらす	有加	%E6%9C%89%E5%8A%A0
ほしみ	星弥	%E6%98%9F%E5%BC%A5
まひる	真绯瑠	%E7%9C%9F%E7%BB%AF%E7%91%A0
みき	弥希	%E5%BC%A5%E5%B8%8C
むり	无理	%E6%97%A0%E7%90%86
やぎみちゆき	八木迪之	%E5%85%AB%E6%9C%A8%E8%BF%AA%E4%B9%8B
ゆきえ	雪絵	%E9%9B%AA%E7%B5%B5
るき	琉绮	%E7%90%89%E7%BB%AE
ろい	罗伊	%E7%BD%97%E4%BC%8A
わくひめ	惑姫	%E6%83%91%E5%A7%AB
りんいぇんようさ	泠鸢Yousa	%E6%B3%A0%E9%B8%A2Yousa
はのん	羽音	%E7%BE%BD%E9%9F%B3
みもい	御水	%E5%BE%A1%E6%B0%B4
ぱっくす	帕克丝	%E5%B8%95%E5%85%8B%E4%B8%9D
あでぃあ	Aadya	Aadya
びはん	Vihaan	Vihaan
ぬーる	Noor	Noor
あおみかやな	蒼海カヤナ	%E8%92%BC%E6%B5%B7%E3%82%AB%E3%83%A4%E3%83%8A
あさぎりいづる	朝霧いづる	%E6%9C%9D%E9%9C%A7%E3%81%84%E3%81%A5%E3%82%8B
いちのもりこひな	苺ノ森こひな	%E8%8B%BA%E3%83%8E%E6%A3%AE%E3%81%93%E3%81%B2%E3%81%AA
かたくらひとみ	片倉一実	%E7%89%87%E5%80%89%E4%B8%80%E5%AE%9F
くれまはくぼ	暮間珀暮	%E6%9A%AE%E9%96%93%E7%8F%80%E6%9A%AE
くれやぺい	紅夜ぺい	%E7%B4%85%E5%A4%9C%E3%81%BA%E3%81%84
こはなてくと	小花てくと	%E5%B0%8F%E8%8A%B1%E3%81%A6%E3%81%8F%E3%81%A8
ころぼしまう	ころぼしまう	%E3%81%93%E3%82%8D%E3%81%BC%E3%81%97%E3%81%BE%E3%81%86
しのみやとうか	四ノ宮透華	%E5%9B%9B%E3%83%8E%E5%AE%AE%E9%80%8F%E8%8F%AF
はえとりかづら	蝿取かづら	%E8%9D%BF%E5%8F%96%E3%81%8B%E3%81%A5%E3%82%89
はとおかここ	鳩岡小恋	%E9%B3%A9%E5%B2%A1%E5%B0%8F%E6%81%8B
ひじりぐれいる	聖グレイル	%E8%81%96%E3%82%B0%E3%83%AC%E3%82%A4%E3%83%AB
ひめるち	雛芽るち	%E9%9B%9B%E8%8A%BD%E3%82%8B%E3%81%A1
ふでそめしき	筆染四季	%E7%AD%86%E6%9F%93%E5%9B%9B%E5%AD%A3
ほうしょうてあ	宝生てあ	%E5%AE%9D%E7%94%9F%E3%81%A6%E3%81%82
みかげみゆ	観影みゆ	%E8%A6%B3%E5%BD%B1%E3%81%BF%E3%82%86
みさごゆきまち	雎雪待	%E9%9B%8E%E9%9B%AA%E5%BE%85
みなみあやね	南絢音	%E5%8D%97%E7%B5%A2%E9%9F%B3
みーてぃあ	ミーティア	%E3%83%9F%E3%83%BC%E3%83%86%E3%82%A3%E3%82%A2
りいか	りいか	%E3%82%8A%E3%81%84%E3%81%8B
りくどうかろ	六道カロ	%E5%85%AD%E9%81%93%E3%82%AB%E3%83%AD
ろっどくろうりー	ロッド・クロウリー	%E3%83%AD%E3%83%83%E3%83%89%E3%83%BB%E3%82%AF%E3%83%AD%E3%82%A6%E3%83%AA%E3%83%BC
ももはらみのり	ももはらみのり	%E3%82%82%E3%82%82%E3%81%AF%E3%82%89%E3%81%BF%E3%81%AE%E3%82%8A
ひくらかの	氷儚かの	%E6%B0%B7%E5%84%9A%E3%81%8B%E3%81%AE
ひめなぎさ	姫なぎさ	%E5%A7%AB%E3%81%AA%E3%81%8E%E3%81%95
あかづえまりん	赤杖まりん	%E8%B5%A4%E6%9D%96%E3%81%BE%E3%82%8A%E3%82%93