https://shop.nijisanji.jp/s/niji/artist/001/item	ğŸŒˆã«ã˜ã•ã‚“ã˜,ğŸ›’è²·ã„ç‰©
https://shop.nijisanji.jp/s/niji/artist/002/item	ğŸŒˆã«ã˜ã•ã‚“ã˜,ğŸ›’è²·ã„ç‰©
https://shop.nijisanji.jp/s/niji/artist/003/item	ğŸŒˆã«ã˜ã•ã‚“ã˜,ğŸ›’è²·ã„ç‰©
https://shop.nijisanji.jp/s/niji/artist/004/item	ğŸŒˆã«ã˜ã•ã‚“ã˜,ğŸ›’è²·ã„ç‰©
https://shop.nijisanji.jp/s/niji/artist/005/item	ğŸŒˆã«ã˜ã•ã‚“ã˜,ğŸ›’è²·ã„ç‰©
https://shop.nijisanji.jp/s/niji/artist/006/item	ğŸŒˆã«ã˜ã•ã‚“ã˜,ğŸ›’è²·ã„ç‰©
https://shop.nijisanji.jp/s/niji/artist/007/item	ğŸŒˆã«ã˜ã•ã‚“ã˜,ğŸ›’è²·ã„ç‰©
https://shop.nijisanji.jp/s/niji/artist/008/item	ğŸŒˆã«ã˜ã•ã‚“ã˜,ğŸ›’è²·ã„ç‰©
https://shop.nijisanji.jp/s/niji/artist/009/item	ğŸŒˆã«ã˜ã•ã‚“ã˜,ğŸ›’è²·ã„ç‰©
https://shop.nijisanji.jp/s/niji/artist/010/item	ğŸŒˆã«ã˜ã•ã‚“ã˜,ğŸ›’è²·ã„ç‰©
https://shop.nijisanji.jp/s/niji/artist/011/item	ğŸŒˆã«ã˜ã•ã‚“ã˜,ğŸ›’è²·ã„ç‰©
https://shop.nijisanji.jp/s/niji/artist/012/item	ğŸŒˆã«ã˜ã•ã‚“ã˜,ğŸ›’è²·ã„ç‰©
https://shop.nijisanji.jp/s/niji/artist/013/item	ğŸŒˆã«ã˜ã•ã‚“ã˜,ğŸ›’è²·ã„ç‰©
https://shop.nijisanji.jp/s/niji/artist/014/item	ğŸŒˆã«ã˜ã•ã‚“ã˜,ğŸ›’è²·ã„ç‰©
https://shop.nijisanji.jp/s/niji/artist/015/item	ğŸŒˆã«ã˜ã•ã‚“ã˜,ğŸ›’è²·ã„ç‰©
https://shop.nijisanji.jp/s/niji/artist/016/item	ğŸŒˆã«ã˜ã•ã‚“ã˜,ğŸ›’è²·ã„ç‰©
https://shop.nijisanji.jp/s/niji/artist/017/item	ğŸŒˆã«ã˜ã•ã‚“ã˜,ğŸ›’è²·ã„ç‰©
https://shop.nijisanji.jp/s/niji/artist/018/item	ğŸŒˆã«ã˜ã•ã‚“ã˜,ğŸ›’è²·ã„ç‰©
https://shop.nijisanji.jp/s/niji/artist/019/item	ğŸŒˆã«ã˜ã•ã‚“ã˜,ğŸ›’è²·ã„ç‰©
https://shop.nijisanji.jp/s/niji/artist/020/item	ğŸŒˆã«ã˜ã•ã‚“ã˜,ğŸ›’è²·ã„ç‰©
https://shop.nijisanji.jp/s/niji/artist/021/item	ğŸŒˆã«ã˜ã•ã‚“ã˜,ğŸ›’è²·ã„ç‰©
https://shop.nijisanji.jp/s/niji/artist/022/item	ğŸŒˆã«ã˜ã•ã‚“ã˜,ğŸ›’è²·ã„ç‰©
https://shop.nijisanji.jp/s/niji/artist/023/item	ğŸŒˆã«ã˜ã•ã‚“ã˜,ğŸ›’è²·ã„ç‰©
https://shop.nijisanji.jp/s/niji/artist/024/item	ğŸŒˆã«ã˜ã•ã‚“ã˜,ğŸ›’è²·ã„ç‰©
https://shop.nijisanji.jp/s/niji/artist/025/item	ğŸŒˆã«ã˜ã•ã‚“ã˜,ğŸ›’è²·ã„ç‰©
https://shop.nijisanji.jp/s/niji/artist/026/item	ğŸŒˆã«ã˜ã•ã‚“ã˜,ğŸ›’è²·ã„ç‰©
https://shop.nijisanji.jp/s/niji/artist/027/item	ğŸŒˆã«ã˜ã•ã‚“ã˜,ğŸ›’è²·ã„ç‰©
https://shop.nijisanji.jp/s/niji/artist/028/item	ğŸŒˆã«ã˜ã•ã‚“ã˜,ğŸ›’è²·ã„ç‰©
https://shop.nijisanji.jp/s/niji/artist/029/item	ğŸŒˆã«ã˜ã•ã‚“ã˜,ğŸ›’è²·ã„ç‰©
https://shop.nijisanji.jp/s/niji/artist/030/item	ğŸŒˆã«ã˜ã•ã‚“ã˜,ğŸ›’è²·ã„ç‰©
https://shop.nijisanji.jp/s/niji/artist/031/item	ğŸŒˆã«ã˜ã•ã‚“ã˜,ğŸ›’è²·ã„ç‰©
https://shop.nijisanji.jp/s/niji/artist/032/item	ğŸŒˆã«ã˜ã•ã‚“ã˜,ğŸ›’è²·ã„ç‰©
https://shop.nijisanji.jp/s/niji/artist/033/item	ğŸŒˆã«ã˜ã•ã‚“ã˜,ğŸ›’è²·ã„ç‰©
https://shop.nijisanji.jp/s/niji/artist/034/item	ğŸŒˆã«ã˜ã•ã‚“ã˜,ğŸ›’è²·ã„ç‰©
https://shop.nijisanji.jp/s/niji/artist/035/item	ğŸŒˆã«ã˜ã•ã‚“ã˜,ğŸ›’è²·ã„ç‰©
https://shop.nijisanji.jp/s/niji/artist/036/item	ğŸŒˆã«ã˜ã•ã‚“ã˜,ğŸ›’è²·ã„ç‰©
https://shop.nijisanji.jp/s/niji/artist/037/item	ğŸŒˆã«ã˜ã•ã‚“ã˜,ğŸ›’è²·ã„ç‰©
https://shop.nijisanji.jp/s/niji/artist/038/item	ğŸŒˆã«ã˜ã•ã‚“ã˜,ğŸ›’è²·ã„ç‰©
https://shop.nijisanji.jp/s/niji/artist/039/item	ğŸŒˆã«ã˜ã•ã‚“ã˜,ğŸ›’è²·ã„ç‰©
https://shop.nijisanji.jp/s/niji/artist/040/item	ğŸŒˆã«ã˜ã•ã‚“ã˜,ğŸ›’è²·ã„ç‰©
https://shop.nijisanji.jp/s/niji/artist/041/item	ğŸŒˆã«ã˜ã•ã‚“ã˜,ğŸ›’è²·ã„ç‰©
https://shop.nijisanji.jp/s/niji/artist/042/item	ğŸŒˆã«ã˜ã•ã‚“ã˜,ğŸ›’è²·ã„ç‰©
https://shop.nijisanji.jp/s/niji/artist/043/item	ğŸŒˆã«ã˜ã•ã‚“ã˜,ğŸ›’è²·ã„ç‰©
https://shop.nijisanji.jp/s/niji/artist/044/item	ğŸŒˆã«ã˜ã•ã‚“ã˜,ğŸ›’è²·ã„ç‰©
https://shop.nijisanji.jp/s/niji/artist/045/item	ğŸŒˆã«ã˜ã•ã‚“ã˜,ğŸ›’è²·ã„ç‰©
https://shop.nijisanji.jp/s/niji/artist/046/item	ğŸŒˆã«ã˜ã•ã‚“ã˜,ğŸ›’è²·ã„ç‰©
https://shop.nijisanji.jp/s/niji/artist/047/item	ğŸŒˆã«ã˜ã•ã‚“ã˜,ğŸ›’è²·ã„ç‰©
https://shop.nijisanji.jp/s/niji/artist/048/item	ğŸŒˆã«ã˜ã•ã‚“ã˜,ğŸ›’è²·ã„ç‰©
https://shop.nijisanji.jp/s/niji/artist/049/item	ğŸŒˆã«ã˜ã•ã‚“ã˜,ğŸ›’è²·ã„ç‰©
https://shop.nijisanji.jp/s/niji/artist/050/item	ğŸŒˆã«ã˜ã•ã‚“ã˜,ğŸ›’è²·ã„ç‰©
https://shop.nijisanji.jp/s/niji/artist/051/item	ğŸŒˆã«ã˜ã•ã‚“ã˜,ğŸ›’è²·ã„ç‰©
https://shop.nijisanji.jp/s/niji/artist/052/item	ğŸŒˆã«ã˜ã•ã‚“ã˜,ğŸ›’è²·ã„ç‰©
https://shop.nijisanji.jp/s/niji/artist/053/item	ğŸŒˆã«ã˜ã•ã‚“ã˜,ğŸ›’è²·ã„ç‰©
https://shop.nijisanji.jp/s/niji/artist/054/item	ğŸŒˆã«ã˜ã•ã‚“ã˜,ğŸ›’è²·ã„ç‰©
https://shop.nijisanji.jp/s/niji/artist/055/item	ğŸŒˆã«ã˜ã•ã‚“ã˜,ğŸ›’è²·ã„ç‰©
https://shop.nijisanji.jp/s/niji/artist/056/item	ğŸŒˆã«ã˜ã•ã‚“ã˜,ğŸ›’è²·ã„ç‰©
https://shop.nijisanji.jp/s/niji/artist/057/item	ğŸŒˆã«ã˜ã•ã‚“ã˜,ğŸ›’è²·ã„ç‰©
https://shop.nijisanji.jp/s/niji/artist/058/item	ğŸŒˆã«ã˜ã•ã‚“ã˜,ğŸ›’è²·ã„ç‰©
https://shop.nijisanji.jp/s/niji/artist/059/item	ğŸŒˆã«ã˜ã•ã‚“ã˜,ğŸ›’è²·ã„ç‰©
https://shop.nijisanji.jp/s/niji/artist/060/item	ğŸŒˆã«ã˜ã•ã‚“ã˜,ğŸ›’è²·ã„ç‰©
https://shop.nijisanji.jp/s/niji/artist/061/item	ğŸŒˆã«ã˜ã•ã‚“ã˜,ğŸ›’è²·ã„ç‰©
https://shop.nijisanji.jp/s/niji/artist/062/item	ğŸŒˆã«ã˜ã•ã‚“ã˜,ğŸ›’è²·ã„ç‰©
https://shop.nijisanji.jp/s/niji/artist/063/item	ğŸŒˆã«ã˜ã•ã‚“ã˜,ğŸ›’è²·ã„ç‰©
https://shop.nijisanji.jp/s/niji/artist/064/item	ğŸŒˆã«ã˜ã•ã‚“ã˜,ğŸ›’è²·ã„ç‰©
https://shop.nijisanji.jp/s/niji/artist/065/item	ğŸŒˆã«ã˜ã•ã‚“ã˜,ğŸ›’è²·ã„ç‰©
https://shop.nijisanji.jp/s/niji/artist/066/item	ğŸŒˆã«ã˜ã•ã‚“ã˜,ğŸ›’è²·ã„ç‰©
https://shop.nijisanji.jp/s/niji/artist/067/item	ğŸŒˆã«ã˜ã•ã‚“ã˜,ğŸ›’è²·ã„ç‰©
https://shop.nijisanji.jp/s/niji/artist/068/item	ğŸŒˆã«ã˜ã•ã‚“ã˜,ğŸ›’è²·ã„ç‰©
https://shop.nijisanji.jp/s/niji/artist/069/item	ğŸŒˆã«ã˜ã•ã‚“ã˜,ğŸ›’è²·ã„ç‰©
https://shop.nijisanji.jp/s/niji/artist/070/item	ğŸŒˆã«ã˜ã•ã‚“ã˜,ğŸ›’è²·ã„ç‰©
https://shop.nijisanji.jp/s/niji/artist/071/item	ğŸŒˆã«ã˜ã•ã‚“ã˜,ğŸ›’è²·ã„ç‰©
https://shop.nijisanji.jp/s/niji/artist/072/item	ğŸŒˆã«ã˜ã•ã‚“ã˜,ğŸ›’è²·ã„ç‰©
https://shop.nijisanji.jp/s/niji/artist/073/item	ğŸŒˆã«ã˜ã•ã‚“ã˜,ğŸ›’è²·ã„ç‰©
https://shop.nijisanji.jp/s/niji/artist/074/item	ğŸŒˆã«ã˜ã•ã‚“ã˜,ğŸ›’è²·ã„ç‰©
https://shop.nijisanji.jp/s/niji/artist/075/item	ğŸŒˆã«ã˜ã•ã‚“ã˜,ğŸ›’è²·ã„ç‰©
https://shop.nijisanji.jp/s/niji/artist/076/item	ğŸŒˆã«ã˜ã•ã‚“ã˜,ğŸ›’è²·ã„ç‰©
https://shop.nijisanji.jp/s/niji/artist/077/item	ğŸŒˆã«ã˜ã•ã‚“ã˜,ğŸ›’è²·ã„ç‰©
https://shop.nijisanji.jp/s/niji/artist/078/item	ğŸŒˆã«ã˜ã•ã‚“ã˜,ğŸ›’è²·ã„ç‰©
https://shop.nijisanji.jp/s/niji/artist/079/item	ğŸŒˆã«ã˜ã•ã‚“ã˜,ğŸ›’è²·ã„ç‰©
https://shop.nijisanji.jp/s/niji/artist/080/item	ğŸŒˆã«ã˜ã•ã‚“ã˜,ğŸ›’è²·ã„ç‰©
https://shop.nijisanji.jp/s/niji/artist/081/item	ğŸŒˆã«ã˜ã•ã‚“ã˜,ğŸ›’è²·ã„ç‰©
https://shop.nijisanji.jp/s/niji/artist/082/item	ğŸŒˆã«ã˜ã•ã‚“ã˜,ğŸ›’è²·ã„ç‰©
https://shop.nijisanji.jp/s/niji/artist/083/item	ğŸŒˆã«ã˜ã•ã‚“ã˜,ğŸ›’è²·ã„ç‰©
https://shop.nijisanji.jp/s/niji/artist/084/item	ğŸŒˆã«ã˜ã•ã‚“ã˜,ğŸ›’è²·ã„ç‰©
https://shop.nijisanji.jp/s/niji/artist/085/item	ğŸŒˆã«ã˜ã•ã‚“ã˜,ğŸ›’è²·ã„ç‰©
https://shop.nijisanji.jp/s/niji/artist/086/item	ğŸŒˆã«ã˜ã•ã‚“ã˜,ğŸ›’è²·ã„ç‰©
https://shop.nijisanji.jp/s/niji/artist/087/item	ğŸŒˆã«ã˜ã•ã‚“ã˜,ğŸ›’è²·ã„ç‰©
https://shop.nijisanji.jp/s/niji/artist/088/item	ğŸŒˆã«ã˜ã•ã‚“ã˜,ğŸ›’è²·ã„ç‰©
https://shop.nijisanji.jp/s/niji/artist/089/item	ğŸŒˆã«ã˜ã•ã‚“ã˜,ğŸ›’è²·ã„ç‰©
https://shop.nijisanji.jp/s/niji/artist/090/item	ğŸŒˆã«ã˜ã•ã‚“ã˜,ğŸ›’è²·ã„ç‰©
https://shop.nijisanji.jp/s/niji/artist/091/item	ğŸŒˆã«ã˜ã•ã‚“ã˜,ğŸ›’è²·ã„ç‰©
https://shop.nijisanji.jp/s/niji/artist/092/item	ğŸŒˆã«ã˜ã•ã‚“ã˜,ğŸ›’è²·ã„ç‰©
https://shop.nijisanji.jp/s/niji/artist/093/item	ğŸŒˆã«ã˜ã•ã‚“ã˜,ğŸ›’è²·ã„ç‰©
https://shop.nijisanji.jp/s/niji/artist/094/item	ğŸŒˆã«ã˜ã•ã‚“ã˜,ğŸ›’è²·ã„ç‰©
https://shop.nijisanji.jp/s/niji/artist/095/item	ğŸŒˆã«ã˜ã•ã‚“ã˜,ğŸ›’è²·ã„ç‰©
https://shop.nijisanji.jp/s/niji/artist/096/item	ğŸŒˆã«ã˜ã•ã‚“ã˜,ğŸ›’è²·ã„ç‰©
https://shop.nijisanji.jp/s/niji/artist/097/item	ğŸŒˆã«ã˜ã•ã‚“ã˜,ğŸ›’è²·ã„ç‰©
https://shop.nijisanji.jp/s/niji/artist/098/item	ğŸŒˆã«ã˜ã•ã‚“ã˜,ğŸ›’è²·ã„ç‰©
https://shop.nijisanji.jp/s/niji/artist/099/item	ğŸŒˆã«ã˜ã•ã‚“ã˜,ğŸ›’è²·ã„ç‰©
https://shop.nijisanji.jp/s/niji/artist/100/item	ğŸŒˆã«ã˜ã•ã‚“ã˜,ğŸ›’è²·ã„ç‰©
https://shop.nijisanji.jp/s/niji/artist/101/item	ğŸŒˆã«ã˜ã•ã‚“ã˜,ğŸ›’è²·ã„ç‰©
https://shop.nijisanji.jp/s/niji/artist/102/item	ğŸŒˆã«ã˜ã•ã‚“ã˜,ğŸ›’è²·ã„ç‰©
https://shop.nijisanji.jp/s/niji/artist/103/item	ğŸŒˆã«ã˜ã•ã‚“ã˜,ğŸ›’è²·ã„ç‰©
https://shop.nijisanji.jp/s/niji/artist/104/item	ğŸŒˆã«ã˜ã•ã‚“ã˜,ğŸ›’è²·ã„ç‰©
https://shop.nijisanji.jp/s/niji/artist/105/item	ğŸŒˆã«ã˜ã•ã‚“ã˜,ğŸ›’è²·ã„ç‰©
https://shop.nijisanji.jp/s/niji/artist/106/item	ğŸŒˆã«ã˜ã•ã‚“ã˜,ğŸ›’è²·ã„ç‰©