あいばういは	🍮💎
あかばねようこ	💀
あさひなあかね	🦖🎖
あすかひな	🐤
あちきたちなみ	🍬
あづちもも	🍑
いえながむぎ	🌷
いずもかすみ	🦑
いぶらひむ	💧
うしみいちご	🍓
えくすあるびお	🦐
えまおうがすと	★
えりーこにふぁー	🌲
える	🗼
おとぎばらえら	🏰🕛
おのまちはるか	♨️
かいだはる	🌞
かがみはやと	🏢
かなえ	🔫
かんだしょういち	🔪🍅
きたこうじひすい	❇
ぎるざれんさんせい	🏰🌕
きんぎょざかめいろ	🩰
ぐうぇるおすがーる	😎
くるすなつめ	🐏🎵
くろいしば	🐕🐾
げんづきどうじろう	🎻🛵
さえぐさあきな	🌶
さくらりつき	🌸
ささきさく	🎋
しいなゆいか	👻
しぇりんばーがんでぃ	🧐
しずかりん	💜
しずかりん	🥦
しすたーくれあ	🔔
しぶやはじめ	🌱
じょーりきいち	🤡
しらゆきともえ	👠⛓
すおうさんご	💞🦩
すこやかな	💉💘
すずかうたこ	🎶
すずきまさる	☪
すずはらるる	🎨
すずやあき	🐈
せつな	❄️
せとみやこ	📷💚
そらほしきらめ	🌌
たかみやりおん	🦅
つきのみと	🐰
つきみしずく	🎑💊
でびでびでびる	🚪👿
とうどうこはく	🍯
どーら	🔥
とどろききょうこ	🐐
なかおあずま	☀️
ながおけい	☯
ならか	✖🍳
にしぞのちぐさ	🐬🌱
にゅいそしえーる	🎃
はかせふゆき	⚗
はっさくゆず	🍊
はなばたけちゃいか	🌵
はやせそう	🚴‍♀️
はやせそう	🏃‍♀️💨
はやままりん	🍃🗻
はるさきえある	🍭
ひぐちかえで	🍁
ふしみがく	🦊
ふみ	🔖
ふみのたまき	🐟
ふれんいーるすたりお	🎠
ふわみなと	🥂✨
べるもんどばんでらす	🥃
ほしかわさら	🌟
ほんまひまわり	🌻
まいもとけいすけ	👨‍🌾
まかいのりりむ	🍼
ましろ	🧷
まつかいまお	💥
まゆずみかい	💻💙
めりっさきんれんか	🐝
もののべありす	♥️♠️♦️♣️
もりなかかざき	🐻
もりなかかざき	🌼
やぐるまりね	🌽
やしろきずく	🖥
やまがみかるた	🎴
やみよのもるる	🍜
ゆうきちひろ	🎀💙
ゆうひりり	🌇
ゆきしろまひろ	🌐💫
ゆづきろあ	🌖
ゆめおいかける	🎤
よるみれな	🎩🐤
らとなぷてぃ	🐻💎
りぜへるえすた	👑
りゅーしぇん	🐼
りんどうみこと	🍶⚜️
るいすきゃみー	❤️🦋
れゔぃえりふぁ	🔲
わらべだめいじー	🐺🍎
