相羽ういは	🍮💎
赤羽葉子	💀
朝日南アカネ	🦖🎖
飛鳥ひな	🐤
遠北千南	🍬
安土桃	🍑
家長むぎ	🌷
出雲霞	🦑
イブラヒム	💧
宇志海いちご	🍓
エクス・アルビオ	🦐
えま★おうがすと	★
エリー・コニファー	🌲
える	🗼
御伽原江良	🏰🕛
小野町春香	♨️
甲斐田晴	🌞
加賀美ハヤト	🏢
叶	🔫
神田笑一	🔪🍅
北小路ヒスイ	❇
ギルザレンⅢ世	🏰🌕
金魚坂めいろ	🩰
グウェル・オス・ガール	😎
来栖夏芽	🐏🎵
黒井しば	🐕🐾
弦月藤士郎	🎻🛵
三枝明那	🌶
桜凛月	🌸
笹木咲	🎋
椎名唯華	👻
シェリン・バーガンディ	🧐
静凛	💜
静凛	🥦
シスター・クレア	🔔
渋谷ハジメ	🌱
ジョー・力一	🤡
白雪巴	👠⛓
周央サンゴ	💞🦩
健屋花那	💉💘
鈴鹿詩子	🎶
鈴木勝	☪
鈴原るる	🎨
鈴谷アキ	🐈
雪汝	❄️
瀬戸美夜子	📷💚
空星きらめ	🌌
鷹宮リオン	🦅
月ノ美兎	🐰
月見しずく	🎑💊
でびでび・でびる	🚪👿
東堂コハク	🍯
ドーラ	🔥
轟京子	🐐
名伽尾アズマ	☀️
長尾景	☯
奈羅花	✖🍳
西園チグサ	🐬🌱
ニュイ・ソシエール	🎃
葉加瀬冬雪	⚗
八朔ゆず	🍊
花畑チャイカ	🌵
早瀬走	🚴‍♀️
早瀬走	🏃‍♀️💨
葉山舞鈴	🍃🗻
春崎エアル	🍭
樋口楓	🍁
伏見ガク	🦊
フミ	🔖
文野環	🐟
フレン・E・ルスタリオ	🎠
不破湊	🥂✨
ベルモンド・バンデラス	🥃
星川サラ	🌟
本間ひまわり	🌻
舞元啓介	👨‍🌾
魔界ノりりむ	🍼
ましろ	🧷
魔使マオ	💥
黛灰	💻💙
メリッサ・キンレンカ	🐝
物述有栖	♥️♠️♦️♣️
森中花咲	🐻
森中花咲	🌼
矢車りね	🌽
社築	🖥
山神カルタ	🎴
闇夜乃モルル	🍜
勇気ちひろ	🎀💙
夕陽リリ	🌇
雪城眞尋	🌐💫
夢月ロア	🌖
夢追翔	🎤
夜見れな	🎩🐤
ラトナ・プティ	🐻💎
リゼ・ヘルエスタ	👑
緑仙	🐼
竜胆尊	🍶⚜️
ルイス・キャミー	❤️🦋
レヴィ・エリファ	🔲
童田明治	🐺🍎
