あいぞのまなみ	https://twitter.com/aizono_sub2434	2
あいぞのまなみ	https://twitter.com/manami_aizono	1
あいばういは	https://twitter.com/AibaUiha	1
あかばねようこ	https://twitter.com/Youko_Akabane	1
あさひなあかね	https://twitter.com/akane_asahina__	1
あすかひな	https://twitter.com/hina__asuka	1
あちきたちなみ	https://twitter.com/ac1kt	1
あづちもも	https://twitter.com/kani_carnival_	2
あづちもも	https://twitter.com/momo_azuchi_	1
あまみやこころ	https://twitter.com/amamiya_kokoro	1
あめもりさよ	https://twitter.com/Sayo_Amemori	1
あるすあるまる	https://twitter.com/ars_almal	1
あんじゅかとりーな	https://twitter.com/ange_katrina_	1
いえながむぎ	https://twitter.com/ienaga_mugi23	1
いずもかすみ	https://twitter.com/IzumoAd	2
いずもかすみ	https://twitter.com/ikasumi_zzz	1
いぬいとこ	https://twitter.com/inui_toko	1
いぶらひむ	https://twitter.com/honmono_ibrahim	1
うしみいちご	https://twitter.com/ushimi_ichigo	1
うづきこう	https://twitter.com/udukikohh	1
うみやしゃのかみ	https://twitter.com/god_yaksa23	1
えくすあるびお	https://twitter.com/ex_albio	1
えまおうがすと	https://twitter.com/emma_august_	1
えりーこにふぁー	https://twitter.com/Eli_Conifer	1
える	https://twitter.com/Elu_World	1
おとぎばらえら	https://twitter.com/GB___2	2
おとぎばらえら	https://twitter.com/OtogibaraEra	1
おのまちはるか	https://twitter.com/onomachi_haruka	1
かいだはる	https://twitter.com/Kaida_Haru	1
かがみはやと	https://twitter.com/H_KAGAMI2434	1
かたりべつむぐ	https://twitter.com/KataribeTsumugu	1
かなえ	https://twitter.com/Kanae_2434	1
かなえ	https://twitter.com/kanae_iroiro	2
かんだしょういち	https://twitter.com/Kanda_Shoichi	1
きたこうじひすい	https://twitter.com/Hisui_Kitakoji	1
きんぎょざかめいろ	https://twitter.com/meiro_oO	1
ぎるざれんさんせい	https://twitter.com/Gilzaren_III	1
くずは	https://twitter.com/Vamp_Kuzu	1
くずは	https://twitter.com/Vllexceed	2
くどうちとせ	https://twitter.com/kudou_chitose	1
くるすなつめ	https://twitter.com/kurusu72me	1
くろいしば	https://twitter.com/BlackShiba_chan	1
くろいしば	https://twitter.com/hanabusedesu	2
ぐうぇるおすがーる	https://twitter.com/Gwelu_os_gar	1
ぐんどうみれい	https://twitter.com/g9v9g_mirei	1
ぐんどうみれい	https://twitter.com/kodaimailove	2
けんもちとうや	https://twitter.com/rei_Toya_rei	1
げんづきとうじろう	https://twitter.com/1O46V	1
さえぐさあきな	https://twitter.com/333akina	1
さくらりつき	https://twitter.com/SAKURA_RITSUKI	1
ささきさく	https://twitter.com/saku_sasaki	1
しいなゆいか	https://twitter.com/yuika_siina	1
しぇりんばーがんでぃ	https://twitter.com/ShellinBurgundy	1
しすたーくれあ	https://twitter.com/SisterCleaire	1
しずかりん	https://twitter.com/ShizuRin23	1
しぶやはじめ	https://twitter.com/sibuya_hajime	1
しらゆきともえ	https://twitter.com/Tomoe_Shirayuki	1
じょーりきいち	https://twitter.com/JoeRikiichi	1
すおうさんご	https://twitter.com/Suo_Sango	1
すこやかな	https://twitter.com/sukosuko_sukoya	1
すずかうたこ	https://twitter.com/suzukautako	1
すずきまさる	https://twitter.com/Darkness_Eater	1
すずきまさる	https://twitter.com/Darkness_Eater2	2
すずはらるる	https://twitter.com/lulu_suzuhara	1
すずやあき	https://twitter.com/aki_suzuya	1
せつな	https://twitter.com/setsuna2434	1
せとみやこ	https://twitter.com/seto_miyako	1
そらほしきらめ	https://twitter.com/kirame_2434	1
たかみやりおん	https://twitter.com/TakamiyaRion	1
たかみやりおん	https://twitter.com/takamiyarion_2	2
つきのみと	https://twitter.com/MitoTsukino	1
つきみしずく	https://twitter.com/tukimi_sizuku	1
でびでびでびる	https://twitter.com/debidebiru_sama	1
でびでびでびる	https://twitter.com/debitti_kawaii	2
とうどうこはく	https://twitter.com/kohaku_todo	1
とどろききょうこ	https://twitter.com/KT_seeds	1
とどろききょうこ	https://twitter.com/Roki_2434	2
どーら	https://twitter.com/___Dola	1
なかおあずま	https://twitter.com/azuma_dazo	1
ながおけい	https://twitter.com/kei_nagao2434	1
ならか	https://twitter.com/Naraka_2434	1
なるせなる	https://twitter.com/KuwaKabu_Naruse	2
なるせなる	https://twitter.com/narusenaru_2434	1
なるとこがね	https://twitter.com/nArUtO_kOgAnE	1
にしぞのちぐさ	https://twitter.com/Chigusa_24zono	1
にゅいそしえーる	https://twitter.com/Nui_Sociere	1
はかせふゆき	https://twitter.com/hakase_fuyuki	1
はっさくゆず	https://twitter.com/839yuzu	1
はなばたけちゃいか	https://twitter.com/ZulmIhP1nlMOT5y	1
はやせそう	https://twitter.com/SouHayase	1
はやせそう	https://twitter.com/hayayasou	2
はやままりん	https://twitter.com/Hayama_Marin	1
はるさきえある	https://twitter.com/harusakiair2434	1
ひぐちかえで	https://twitter.com/HiguchiKaede	1
ふしみがく	https://twitter.com/gaku_fushimi	1
ふみ	https://twitter.com/FumiVirtual	1
ふみのたまき	https://twitter.com/nekokan_chu	1
ふれんいーるすたりお	https://twitter.com/furen_2434	1
ふわみなと	https://twitter.com/Fuwa_Minato	1
べるもんどばんでらす	https://twitter.com/belmond_b_2434	1
ほしかわさら	https://twitter.com/Sara_Hoshikawa	1
ほんまひまわり	https://twitter.com/honmahimawari	1
まいもとけいすけ	https://twitter.com/maimoto_k	1
まかいのりりむ	https://twitter.com/makaino_ririmu	1
ましろ	https://twitter.com/mashiro2434	1
まちたちま	https://twitter.com/chima_machita23	1
まつかいまお	https://twitter.com/matsukai_mao	1
まゆずみかい	https://twitter.com/BBash_Shell	2
まゆずみかい	https://twitter.com/mayuzumi_X	1
めりっさきんれんか	https://twitter.com/melissa_2434	1
もいら	https://twitter.com/Moiramoimoimoi	1
もののべありす	https://twitter.com/AliceMononobe	1
もりなかかざき	https://twitter.com/KazakiMorinaka	1
やぐるまりね	https://twitter.com/Rine_Yaguruma	1
やしろきずく	https://twitter.com/846kizuQ	1
やしろきずく	https://twitter.com/monooki_okimono	2
やまがみかるた	https://twitter.com/karuta_Yamagami	1
やみよのもるる	https://twitter.com/_rnrrdark	1
ゆうきちひろ	https://twitter.com/Chihiro_yuki23	1
ゆうきちひろ	https://twitter.com/chihiro_2434	2
ゆうひりり	https://twitter.com/Yuuhi_Riri	1
ゆきしろまひろ	https://twitter.com/MahiroYukishiro	1
ゆづきろあ	https://twitter.com/roa_lawliet	2
ゆづきろあ	https://twitter.com/yuzuki_roa	1
ゆめおいかける	https://twitter.com/kakeru_yumeoi	1
よるみれな	https://twitter.com/rena_yorumi	1
らとなぷてぃ	https://twitter.com/ratna_petit	1
りぜへるえすた	https://twitter.com/Lize_Helesta	1
りゅーしぇん	https://twitter.com/midori_2434	1
りんどうみこと	https://twitter.com/RindouMikoto	1
るいすきゃみー	https://twitter.com/Luis_Cammy	1
れゔぃえりふぁ	https://twitter.com/Levi_E_2434	1
わらべだめいじー	https://twitter.com/warabeda_meiji	1
しんどうらいと	https://twitter.com/s_raito2434	1
かみなりぽあろ	https://twitter.com/poaro_kaminari	1
くろはねくろと	https://twitter.com/kuroto_kurohane	1
