https://twpf.jp/aizono_sub2434	🌈愛園愛美,🌐ツイフィール
https://twpf.jp/manami_aizono	🌈愛園愛美,🌐ツイフィール
https://twpf.jp/aibauiha	🌈相羽ういは,🌐ツイフィール
https://twpf.jp/youko_akabane	🌈赤羽葉子,🌐ツイフィール
https://twpf.jp/akane_asahina__	🌈朝日南アカネ,🌐ツイフィール
https://twpf.jp/hina__asuka	🌈飛鳥ひな,🌐ツイフィール
https://twpf.jp/kani_carnival_	🌈安土桃,🌐ツイフィール
https://twpf.jp/momo_azuchi_	🌈安土桃,🌐ツイフィール
https://twpf.jp/amamiya_kokoro	🌈天宮こころ,🌐ツイフィール
https://twpf.jp/sayo_amemori	🌈雨森小夜,🌐ツイフィール
https://twpf.jp/ars_almal	🌈アルス・アルマル,🌐ツイフィール
https://twpf.jp/ange_katrina_	🌈アンジュ・カトリ…,🌐ツイフィール
https://twpf.jp/ienaga_mugi23	🌈家長むぎ,🌐ツイフィール
https://twpf.jp/izumoad	🌈出雲霞,🌐ツイフィール
https://twpf.jp/ikasumi_zzz	🌈出雲霞,🌐ツイフィール
https://twpf.jp/inui_toko	🌈戌亥とこ,🌐ツイフィール
https://twpf.jp/honmono_ibrahim	🌈イブラヒム,🌐ツイフィール
https://twpf.jp/ushimi_ichigo	🌈宇志海いちご,🌐ツイフィール
https://twpf.jp/udukikohh	🌈卯月コウ,🌐ツイフィール
https://twpf.jp/ex_albio	🌈エクス・アルビオ,🌐ツイフィール
https://twpf.jp/emma_august_	🌈えま★おうがすと,🌐ツイフィール
https://twpf.jp/eli_conifer	🌈エリー・コニファー,🌐ツイフィール
https://twpf.jp/elu_world	🌈エルフのえる,🌐ツイフィール
https://twpf.jp/gb___2	🌈御伽原江良,🌐ツイフィール
https://twpf.jp/otogibaraera	🌈御伽原江良,🌐ツイフィール
https://twpf.jp/onomachi_haruka	🌈小野町春香,🌐ツイフィール
https://twpf.jp/kaida_haru	🌈甲斐田晴,🌐ツイフィール
https://twpf.jp/h_kagami2434	🌈加賀美ハヤト,🌐ツイフィール
https://twpf.jp/kataribetsumugu	🌈語部紡,🌐ツイフィール
https://twpf.jp/kanae_2434	🌈叶,🌐ツイフィール
https://twpf.jp/kanae_iroiro	🌈叶,🌐ツイフィール
https://twpf.jp/kanda_shoichi	🌈神田笑一,🌐ツイフィール
https://twpf.jp/hisui_kitakoji	🌈北小路ヒスイ,🌐ツイフィール
https://twpf.jp/meiro_oo	🌈金魚坂めいろ,🌐ツイフィール
https://twpf.jp/gilzaren_iii	🌈ギルザレンⅢ世,🌐ツイフィール
https://twpf.jp/vamp_kuzu	🌈葛葉,🌐ツイフィール
https://twpf.jp/vllexceed	🌈葛葉,🌐ツイフィール
https://twpf.jp/kurusu72me	🌈来栖夏芽,🌐ツイフィール
https://twpf.jp/blackshiba_chan	🌈黒井しば,🌐ツイフィール
https://twpf.jp/hanabusedesu	🌈黒井しば,🌐ツイフィール
https://twpf.jp/gwelu_os_gar	🌈グウェル・オス・…,🌐ツイフィール
https://twpf.jp/g9v9g_mirei	🌈郡道美玲,🌐ツイフィール
https://twpf.jp/kodaimailove	🌈郡道美玲,🌐ツイフィール
https://twpf.jp/rei_toya_rei	🌈剣持刀也,🌐ツイフィール
https://twpf.jp/1o46v	🌈弦月藤士郎,🌐ツイフィール
https://twpf.jp/333akina	🌈三枝明那,🌐ツイフィール
https://twpf.jp/sakura_ritsuki	🌈桜凛月,🌐ツイフィール
https://twpf.jp/saku_sasaki	🌈笹木咲,🌐ツイフィール
https://twpf.jp/yuika_siina	🌈椎名唯華,🌐ツイフィール
https://twpf.jp/shellinburgundy	🌈シェリン・バーガ…,🌐ツイフィール
https://twpf.jp/sistercleaire	🌈シスター・クレア,🌐ツイフィール
https://twpf.jp/shizurin23	🌈静凛,🌐ツイフィール
https://twpf.jp/sibuya_hajime	🌈渋谷ハジメ,🌐ツイフィール
https://twpf.jp/tomoe_shirayuki	🌈白雪巴,🌐ツイフィール
https://twpf.jp/joerikiichi	🌈ジョー・力一,🌐ツイフィール
https://twpf.jp/suo_sango	🌈周央サンゴ,🌐ツイフィール
https://twpf.jp/sukosuko_sukoya	🌈健屋花那,🌐ツイフィール
https://twpf.jp/suzukautako	🌈鈴鹿詩子,🌐ツイフィール
https://twpf.jp/darkness_eater	🌈鈴木勝,🌐ツイフィール
https://twpf.jp/darkness_eater2	🌈鈴木勝,🌐ツイフィール
https://twpf.jp/lulu_suzuhara	🌈鈴原るる,🌐ツイフィール
https://twpf.jp/aki_suzuya	🌈鈴谷アキ,🌐ツイフィール
https://twpf.jp/seto_miyako	🌈瀬戸美夜子,🌐ツイフィール
https://twpf.jp/kirame_2434	🌈空星きらめ,🌐ツイフィール
https://twpf.jp/takamiyarion	🌈鷹宮リオン,🌐ツイフィール
https://twpf.jp/takamiyarion_2	🌈鷹宮リオン,🌐ツイフィール
https://twpf.jp/mitotsukino	🌈月ノ美兎,🌐ツイフィール
https://twpf.jp/debidebiru_sama	🌈でびでび・でびる,🌐ツイフィール
https://twpf.jp/debitti_kawaii	🌈でびでび・でびる,🌐ツイフィール
https://twpf.jp/kohaku_todo	🌈東堂コハク,🌐ツイフィール
https://twpf.jp/kt_seeds	🌈轟京子,🌐ツイフィール
https://twpf.jp/roki_2434	🌈轟京子,🌐ツイフィール
https://twpf.jp/___dola	🌈ドーラ,🌐ツイフィール
https://twpf.jp/kei_nagao2434	🌈長尾景,🌐ツイフィール
https://twpf.jp/naraka_2434	🌈奈羅花,🌐ツイフィール
https://twpf.jp/kuwakabu_naruse	🌈成瀬鳴,🌐ツイフィール
https://twpf.jp/narusenaru_2434	🌈成瀬鳴,🌐ツイフィール
https://twpf.jp/chigusa_24zono	🌈西園チグサ,🌐ツイフィール
https://twpf.jp/nui_sociere	🌈ニュイ・ソシエール,🌐ツイフィール
https://twpf.jp/hakase_fuyuki	🌈葉加瀬冬雪,🌐ツイフィール
https://twpf.jp/zulmihp1nlmot5y	🌈花畑チャイカ,🌐ツイフィール
https://twpf.jp/souhayase	🌈早瀬走,🌐ツイフィール
https://twpf.jp/hayayasou	🌈早瀬走,🌐ツイフィール
https://twpf.jp/hayama_marin	🌈葉山舞鈴,🌐ツイフィール
https://twpf.jp/harusakiair2434	🌈春崎エアル,🌐ツイフィール
https://twpf.jp/higuchikaede	🌈樋口楓,🌐ツイフィール
https://twpf.jp/gaku_fushimi	🌈伏見ガク,🌐ツイフィール
https://twpf.jp/fumivirtual	🌈フミ,🌐ツイフィール
https://twpf.jp/nekokan_chu	🌈文野環,🌐ツイフィール
https://twpf.jp/furen_2434	🌈フレン・Ｅ・ルス…,🌐ツイフィール
https://twpf.jp/fuwa_minato	🌈不破湊,🌐ツイフィール
https://twpf.jp/belmond_b_2434	🌈ベルモンド・バン…,🌐ツイフィール
https://twpf.jp/sara_hoshikawa	🌈星川サラ,🌐ツイフィール
https://twpf.jp/honmahimawari	🌈本間ひまわり,🌐ツイフィール
https://twpf.jp/maimoto_k	🌈舞元啓介,🌐ツイフィール
https://twpf.jp/makaino_ririmu	🌈魔界ノりりむ,🌐ツイフィール
https://twpf.jp/mashiro2434	🌈ましろ,🌐ツイフィール
https://twpf.jp/chima_machita23	🌈町田ちま,🌐ツイフィール
https://twpf.jp/matsukai_mao	🌈魔使マオ,🌐ツイフィール
https://twpf.jp/bbash_shell	🌈黛灰,🌐ツイフィール
https://twpf.jp/mayuzumi_x	🌈黛灰,🌐ツイフィール
https://twpf.jp/melissa_2434	🌈メリッサ・キンレ…,🌐ツイフィール
https://twpf.jp/moiramoimoimoi	🌈モイラ,🌐ツイフィール
https://twpf.jp/alicemononobe	🌈物述有栖,🌐ツイフィール
https://twpf.jp/kazakimorinaka	🌈森中花咲,🌐ツイフィール
https://twpf.jp/rine_yaguruma	🌈矢車りね,🌐ツイフィール
https://twpf.jp/846kizuq	🌈社築,🌐ツイフィール
https://twpf.jp/monooki_okimono	🌈社築,🌐ツイフィール
https://twpf.jp/karuta_yamagami	🌈山神カルタ,🌐ツイフィール
https://twpf.jp/chihiro_yuki23	🌈勇気ちひろ,🌐ツイフィール
https://twpf.jp/chihiro_2434	🌈勇気ちひろ,🌐ツイフィール
https://twpf.jp/yuuhi_riri	🌈夕陽リリ,🌐ツイフィール
https://twpf.jp/mahiroyukishiro	🌈雪城眞尋,🌐ツイフィール
https://twpf.jp/roa_lawliet	🌈夢月ロア,🌐ツイフィール
https://twpf.jp/yuzuki_roa	🌈夢月ロア,🌐ツイフィール
https://twpf.jp/kakeru_yumeoi	🌈夢追翔,🌐ツイフィール
https://twpf.jp/rena_yorumi	🌈夜見れな,🌐ツイフィール
https://twpf.jp/ratna_petit	🌈ラトナ・プティ,🌐ツイフィール
https://twpf.jp/lize_helesta	🌈リゼ・ヘルエスタ,🌐ツイフィール
https://twpf.jp/midori_2434	🌈緑仙,🌐ツイフィール
https://twpf.jp/rindoumikoto	🌈竜胆尊,🌐ツイフィール
https://twpf.jp/luis_cammy	🌈ルイス・キャミー,🌐ツイフィール
https://twpf.jp/levi_e_2434	🌈レヴィ・エリファ,🌐ツイフィール
https://twpf.jp/warabeda_meiji	🌈童田明治,🌐ツイフィール
https://twpf.jp/poaro_kaminari	🌈😥神成ポアロ,🌐ツイフィール
https://twpf.jp/kuroto_2434	🌈😥黒羽黒兎,🌐ツイフィール
https://twpf.jp/tenkaitukasa	👤天開司,🌐ツイフィール
https://twpf.jp/fairyschan	👤ふぇありす,🌐ツイフィール
https://twpf.jp/ac1kt	🌈😥遠北千南,🌐ツイフィール
https://twpf.jp/god_yaksa23	🌈😥海夜叉神,🌐ツイフィール
https://twpf.jp/kudou_chitose	🌈😥久遠千歳,🌐ツイフィール
https://twpf.jp/setsuna2434	🌈😥雪汝,🌐ツイフィール
https://twpf.jp/tukimi_sizuku	🌈😥月見しずく,🌐ツイフィール
https://twpf.jp/azuma_dazo	🌈😥名伽尾アズマ,🌐ツイフィール
https://twpf.jp/naruto_kogane	🌈😥鳴門こがね,🌐ツイフィール
https://twpf.jp/839yuzu	🌈😥八朔ゆず,🌐ツイフィール
https://twpf.jp/_rnrrdark	🌈😥闇夜乃モルル,🌐ツイフィール
https://twpf.jp/s_raito2434	👤真堂雷斗,🌐ツイフィール
https://twpf.jp/taka_radjiman	🌈🇮🇩 Taka Radjiman,🌐ツイフィール
https://twpf.jp/zea_cornelia	🌈🇮🇩 ZEA Cornelia,🌐ツイフィール
https://twpf.jp/hana_macchia	🌈🇮🇩 Hana Macchia,🌐ツイフィール
https://twpf.jp/rai_galilei	🌈🇮🇩 Rai Galilei,🌐ツイフィール
https://twpf.jp/amiciamichella	🌈🇮🇩 Amicia Michella,🌐ツイフィール
https://twpf.jp/miyuottavia	🌈🇮🇩 Miyu Ottavia,🌐ツイフィール
https://twpf.jp/riksadhirendra/	🌈🇮🇩 Riksa Dhirendra,🌐ツイフィール
https://twpf.jp/laylaalstro2434/	🌈🇮🇩 Layla Alstroemeria,🌐ツイフィール
https://twpf.jp/nara_haramaung/	🌈🇮🇩 Nara Haramaung,🌐ツイフィール
https://twpf.jp/azura_cecillia/	🌈🇮🇩 Azura Cecillia,🌐ツイフィール
https://twpf.jp/etna_crimson	🌈🇮🇩 Etna Crimson,🌐ツイフィール
https://twpf.jp/bobon_pranaja	🌈🇮🇩 Bonnivier Pranaja,🌐ツイフィール
https://twpf.jp/siskaleontyne	🌈🇮🇩 Siska Leontyne,🌐ツイフィール
https://twpf.jp/rayakira2434	🌈🇰🇷 Akira Ray,🌐ツイフィール
https://twpf.jp/siulee2434	🌈🇰🇷 Lee Siu,🌐ツイフィール
https://twpf.jp/rohalee2434	🌈🇰🇷 Lee Roha,🌐ツイフィール
https://twpf.jp/wiffy2434	🌈🇰🇷 Wiffy,🌐ツイフィール
https://twpf.jp/gaon2434	🌈🇰🇷 Gaon,🌐ツイフィール
https://twpf.jp/yuyashin2434	🌈🇰🇷 Shin Yuya,🌐ツイフィール
https://twpf.jp/nagiso2434	🌈🇰🇷 So Nagi,🌐ツイフィール
https://twpf.jp/arachae2434	🌈🇰🇷 Chae Ara,🌐ツイフィール
https://twpf.jp/boranun2434	🌈🇰🇷 Bora Nun,🌐ツイフィール
https://twpf.jp/chihohan2434	🌈🇰🇷 Han Chiho,🌐ツイフィール
https://twpf.jp/suhamin2434	🌈🇰🇷 Min Suha,🌐ツイフィール
https://twpf.jp/ruriyu2434	🌈🇨🇳😥 Yu Ruri,🌐ツイフィール
https://twpf.jp/kaenvtuber	🌈🇨🇳😥 Kaen,🌐ツイフィール
https://twpf.jp/lorou_vtuber	🌈🇨🇳😥 Lorou,🌐ツイフィール
https://twpf.jp/vtuberhakuren	🌈🇨🇳😥 Hakuren,🌐ツイフィール
https://twpf.jp/virtuarealeine	🌈🇨🇳 艾因(Eine),🌐ツイフィール
https://twpf.jp/aza_virtuareal	🌈🇨🇳 阿萨(Aza),🌐ツイフィール
https://twpf.jp/richigov	🌈🇨🇳 一果(Ichigo),🌐ツイフィール
https://twpf.jp/virtuarealkaru	🌈🇨🇳 花留(Karu),🌐ツイフィール
https://twpf.jp/saya_virtuareal	🌈🇨🇳 沙夜(Saya),🌐ツイフィール
https://twpf.jp/vrdueltabibito	🌈🇨🇳 度人(Tabibito),🌐ツイフィール
https://twpf.jp/nanamivr	🌈🇨🇳 七海(Nanami),🌐ツイフィール
https://twpf.jp/nyatsuki4	🌈🇨🇳 喵月(Nyatsuki),🌐ツイフィール
https://twpf.jp/plusprs	🌈🇨🇳 有加(Plus),🌐ツイフィール
https://twpf.jp/hoshimi515	🌈🇨🇳 星弥(Hoshimi),🌐ツイフィール
https://twpf.jp/supermikimiki2	🌈🇨🇳 弥希(Miki),🌐ツイフィール
https://twpf.jp/muri_wrrry	🌈🇨🇳 无理(Muri),🌐ツイフィール
https://twpf.jp/wakuhime1	🌈🇨🇳 惑姫(Waku),🌐ツイフィール
https://twpf.jp/vrhanon	🌈🇨🇳😥 羽音(Hanon),🌐ツイフィール
https://twpf.jp/aadya_vtuber	🌈🇮🇳 Aadya(アディア),🌐ツイフィール
https://twpf.jp/vihaan_vtuber	🌈🇮🇳 Vihaan(ビハン),🌐ツイフィール
https://twpf.jp/noor_vtuber	🌈🇮🇳 Noor(ヌール),🌐ツイフィール
https://twpf.jp/kayana_a_yg	💭蒼海カヤナ,🌐ツイフィール
https://twpf.jp/izuru_a_yg	💭朝霧いづる,🌐ツイフィール
https://twpf.jp/kohina_i_yg	💭苺ノ森こひな,🌐ツイフィール
https://twpf.jp/hitomi_k_yg	💭片倉一実,🌐ツイフィール
https://twpf.jp/hakubo_yg	💭暮間珀暮,🌐ツイフィール
https://twpf.jp/pei_k_yg	💭紅夜ぺい,🌐ツイフィール
https://twpf.jp/techt_k_yg	💭小花てくと,🌐ツイフィール
https://twpf.jp/mau_k_yg	💭ころぼしまう,🌐ツイフィール
https://twpf.jp/touca_s_yg	💭四ノ宮透華,🌐ツイフィール
https://twpf.jp/kazura_h_yg	💭蝿取かづら,🌐ツイフィール
https://twpf.jp/coco_h_yg	💭鳩岡小恋,🌐ツイフィール
https://twpf.jp/grail_yg	💭聖グレイル,🌐ツイフィール
https://twpf.jp/ruchi_h_yg	💭雛芽るち,🌐ツイフィール
https://twpf.jp/shiki_f_yg	💭筆染四季,🌐ツイフィール
https://twpf.jp/tea_h_yg	💭宝生てあ,🌐ツイフィール
https://twpf.jp/miyu_m_yg	💭観影みゆ,🌐ツイフィール
https://twpf.jp/yukimachi_m_yg	💭雎雪待,🌐ツイフィール
https://twpf.jp/ayane_m_yg	💭南絢音,🌐ツイフィール
https://twpf.jp/meteor_yg	💭ミーティア,🌐ツイフィール
https://twpf.jp/reeka_yg	💭りいか,🌐ツイフィール
https://twpf.jp/karo_r_yg	💭六道カロ,🌐ツイフィール
https://twpf.jp/rod_c_yg	💭ロッド・クロウリー,🌐ツイフィール
https://twpf.jp/minorisense	👤SLEE ももはらみのり,🌐ツイフィール
https://twpf.jp/h195_3	👤SLEE 氷儚かの,🌐ツイフィール
https://twpf.jp/n_hime41	👤SLEE 姫なぎさ,🌐ツイフィール
https://twpf.jp/dzue_slee	👤SLEE 赤杖まりん,🌐ツイフィール