月ノ美兎	UCD-miitqNY3nyukJ4Fnf4_A	0
ルイス・キャミー	UCb6ObE-XGCctO3WrjRZC-cw	0  
北小路ヒスイ	UCRqBKoKuX30ruKAq05pCeRQ	0
朝日南アカネ	UCe_p3YEuYJb8Np0Ip9dk-FQ	0
空星きらめ	UC_82HBGtvwN1hcGeOGHzUBQ	1
町田ちま	UCo7TRj3cS-f_1D9ZDmuTsjw	0
にじさんじ	UCX7YkU9nEeaoZbkVLVajcMg	1
周央サンゴ	UCL_O_HXgLJx3Auteer0n0pA	0
レヴィエリファ	UCtnO2N4kPTXmyvedjGWdx3Q	1
グウェル・オス・ガール	UC1QgXt46-GEvtNjEC1paHnw	1
夜見れな	UCL34fAoFim9oHLbVzMKFavQ	1
矢車りね	UCvzVB-EYuHFXHZrObB8a_Og	0
雨森小夜	UCRWOdwLRsenx2jLaiCAIU4A	0
桜凛月	UCfQVs_KuXeNAlGa3fb8rlnQ	1
鈴原るる	UC_a1ZYZ8ZTXpjg9xUY9sj8w	0
ジョー・力一	UChUJbHiTVeGrSkTdBzVfNCQ	1
ギルザレンⅢ世	UCUzJ90o1EjqUbk2pBAy0_aw	1
愛園愛美	UC0WwEfE-jOM2rzjpdfhTzZA	0
赤羽葉子	UCBi8YaVyZpiKWN3_Z0dCTfQ	1
相羽ういは	UCnRQYHTnRLSF0cLJwMnedCg	0
飛鳥ひな	UCiSRx1a2k-0tOg-fs6gAolQ	0
安土桃	UC6TfqY40Xt1Y0J-N18c85qQ	0
天宮 こころ	UCkIimWZ9gBJRamKF0rmPU8w	0
アルス・アルマル	UCdpUojq0KWZCN9bxXnZwz5w	0
アンジュ・カトリーナ	UCHVXbQzkl3rDfsXWo8xi2qw	0
家長むぎ	UC_GCs6GARLxEHxy1w40d6VQ	0
出雲霞	UCLpYMk5h1bq8_GAFVBgXhPQ		0
戌亥とこ	UCXRlIK3Cw_TJIQC5kSJJQMg	0
イブラヒム	UCmZ1Rbthn-6Jm_qOGjYsh5A	0
宇志海いちご	UCmUjjW5zF1MMOhYUwwwQv9Q	0
卯月コウ	UC3lNFeJiTq6L3UWoz4g1e-A	0
エクス・アルビオ	UCIytNcoz4pWzXfLda0DoULQ	0
えま★おうがすと	UCl1oLKcAq93p-pwKfDGhiYQ	0
エリー・コニファー	UCpNH2Zk2gw3JBjWAKSyZcQQ	0
エルフのえる	UCYKP16oMX9KKPbrNgo_Kgag
御伽原 江良	UCwQ9Uv-m8xkE5PzRc7Bqx3Q
小野町 春香	UCg63a3lk6PNeWhVvMRM_mrQ
甲斐田 晴	UCo2N7C-Z91waaR6lF3LL_jw
文野環	UCBiqkFJljoxAj10SoP2w2Cg
語部紡	UCufQu4q65z63IgE4cfKs1BQ
加賀美 ハヤト	UCmovZ2th3Sqpd00F5RdeigQ

毎日にじさんじ生活	UC-fO5FbHoBNNhtfGh5gBYew	1
カワセミ	UCSy4ovsHKC3OsmO3gfSupLw	1
そらーむ	UC4z3IHrs62HwEpW-4D9hJ-w	1
にじ切りの民	UCOzL9movn_q9l_qNE2pVrZA	1
Vが好きすぎる者	UCfd2kwYa-7Kt5XRomZAq9bg	1
Vtuber切り抜キング	UC3JF7ZR2uc5j4tJy_kVwGhw	0
ばーちゃるタイム	UCOCxiAF2iz67wKHCf5xSatg	1
まるい【にじさんじ切り抜き】	UC58K340b1nlljzhzlN3uo1w	1
ひまvlog	UCbYfRwFlqe3WAyZsA57MFOg	1
ぶいちゅば鑑賞室	UCgb29XNE0ZA_a-CT7OxzS-A	1
karen_ムラサメ	UCtQvTSonGa0XiO6nHB63owQ	0






