あいぞのまなみ	https://twitter.com/aizono_sub2434
あいぞのまなみ	https://twitter.com/manami_aizono
あいばういは	https://twitter.com/AibaUiha
あかばねようこ	https://twitter.com/Youko_Akabane
あさひなあかね	https://twitter.com/akane_asahina__
あすかひな	https://twitter.com/hina__asuka
あちきたちなみ	https://twitter.com/ac1kt
あづちもも	https://twitter.com/kani_carnival_
あづちもも	https://twitter.com/momo_azuchi_
あまみやこころ	https://twitter.com/amamiya_kokoro
あめもりさよ	https://twitter.com/Sayo_Amemori
あるすあるまる	https://twitter.com/ars_almal
あんじゅかとりーな	https://twitter.com/ange_katrina_
いえながむぎ	https://twitter.com/ienaga_mugi23
いずもかすみ	https://twitter.com/IzumoAd
いずもかすみ	https://twitter.com/ikasumi_zzz
いぬいとこ	https://twitter.com/inui_toko
いぶらひむ	https://twitter.com/honmono_ibrahim
うしみいちご	https://twitter.com/ushimi_ichigo
うづきこう	https://twitter.com/udukikohh
うみやしゃのかみ	https://twitter.com/god_yaksa23
えくすあるびお	https://twitter.com/ex_albio
えまおうがすと	https://twitter.com/emma_august_
えりーこにふぁー	https://twitter.com/Eli_Conifer
える	https://twitter.com/Elu_World
おとぎばらえら	https://twitter.com/GB___2
おとぎばらえら	https://twitter.com/OtogibaraEra
おのまちはるか	https://twitter.com/onomachi_haruka
かいだはる	https://twitter.com/Kaida_Haru
かがみはやと	https://twitter.com/H_KAGAMI2434
かたりべつむぐ	https://twitter.com/KataribeTsumugu
かなえ	https://twitter.com/Kanae_2434
かなえ	https://twitter.com/kanae_iroiro
かんだしょういち	https://twitter.com/Kanda_Shoichi
きたこうじひすい	https://twitter.com/Hisui_Kitakoji
きんぎょざかめいろ	https://twitter.com/meiro_oO
ぎるざれんさんせい	https://twitter.com/Gilzaren_III
くずは	https://twitter.com/Vamp_Kuzu
くずは	https://twitter.com/Vllexceed
くどうちとせ	https://twitter.com/kudou_chitose
くるすなつめ	https://twitter.com/kurusu72me
くろいしば	https://twitter.com/BlackShiba_chan
ぐうぇるおすがーる	https://twitter.com/Gwelu_os_gar
ぐんどうみれい	https://twitter.com/g9v9g_mirei
ぐんどうみれい	https://twitter.com/kodaimailove
けんもちとうや	https://twitter.com/rei_Toya_rei
げんづきとうじろう	https://twitter.com/1O46V
さえぐさあきな	https://twitter.com/333akina
さくらりつき	https://twitter.com/SAKURA_RITSUKI
ささきさく	https://twitter.com/saku_sasaki
しいなゆいか	https://twitter.com/yuika_siina
しぇりんばーがんでぃ	https://twitter.com/ShellinBurgundy
しすたーくれあ	https://twitter.com/SisterCleaire
しずかりん	https://twitter.com/ShizuRin23
しぶやはじめ	https://twitter.com/sibuya_hajime
しらゆきともえ	https://twitter.com/Tomoe_Shirayuki
じょーりきいち	https://twitter.com/JoeRikiichi
すおうさんご	https://twitter.com/Suo_Sango
すこやかな	https://twitter.com/sukosuko_sukoya
すずかうたこ	https://twitter.com/suzukautako
すずきまさる	https://twitter.com/Darkness_Eater
すずきまさる	https://twitter.com/Darkness_Eater2
すずはらるる	https://twitter.com/lulu_suzuhara
すずやあき	https://twitter.com/aki_suzuya
せつな	https://twitter.com/setsuna2434
せとみやこ	https://twitter.com/seto_miyako
たかみやりおん	https://twitter.com/TakamiyaRion
たかみやりおん	https://twitter.com/takamiyarion_2
つきのみと	https://twitter.com/MitoTsukino
つきみしずく	https://twitter.com/tukimi_sizuku
でびっち	https://twitter.com/debitti_kawaii
でびでびでびる	https://twitter.com/debidebiru_sama
とうどうこはく	https://twitter.com/kohaku_todo
とどろききょうこ	https://twitter.com/KT_seeds
とどろききょうこ	https://twitter.com/Roki_2434
どーら	https://twitter.com/___Dola
なかおあずま	https://twitter.com/azuma_dazo
ながおけい	https://twitter.com/kei_nagao2434
ならか	https://twitter.com/Naraka_2434
なるせなる	https://twitter.com/KuwaKabu_Naruse
なるせなる	https://twitter.com/narusenaru_2434
なるとこがね	https://twitter.com/nArUtO_kOgAnE
にしぞのちぐさ	https://twitter.com/Chigusa_24zono
にゅいそしえーる	https://twitter.com/Nui_Sociere
はかせふゆき	https://twitter.com/hakase_fuyuki
はっさくゆず	https://twitter.com/839yuzu
はなばたけちゃいか	https://twitter.com/ZulmIhP1nlMOT5y
はなぶせしほ	https://twitter.com/hanabusedesu
はやせそう	https://twitter.com/SouHayase
はやせそう	https://twitter.com/hayayasou
はやままりん	https://twitter.com/Hayama_Marin
はるさきえある	https://twitter.com/harusakiair2434
ひぐちかえで	https://twitter.com/HiguchiKaede
ふしみがく	https://twitter.com/gaku_fushimi
ふみ	https://twitter.com/FumiVirtual
ふみのたまき	https://twitter.com/nekokan_chu
ふれんいーるすたりお	https://twitter.com/furen_2434
ふわみなと	https://twitter.com/Fuwa_Minato
べるもんどばんでらす	https://twitter.com/belmond_b_2434
ほしかわさら	https://twitter.com/Sara_Hoshikawa
ほしぞらきらめ	https://twitter.com/kirame_2434
ほんまひまわり	https://twitter.com/honmahimawari
まいもとけいすけ	https://twitter.com/maimoto_k
まかいのりりむ	https://twitter.com/makaino_ririmu
ましろ	https://twitter.com/mashiro2434
まちたちま	https://twitter.com/chima_machita23
まつかいまお	https://twitter.com/matsukai_mao
まゆずみかい	https://twitter.com/BBash_Shell
まゆずみかい	https://twitter.com/mayuzumi_X
めりっさきんれんか	https://twitter.com/melissa_2434
もいら	https://twitter.com/Moiramoimoimoi
もののべありす	https://twitter.com/AliceMononobe
もりなかかざき	https://twitter.com/KazakiMorinaka
やぐるまりね	https://twitter.com/Rine_Yaguruma
やしろきづく	https://twitter.com/846kizuQ
やしろきづく	https://twitter.com/monooki_okimono
やまがみかるた	https://twitter.com/karuta_Yamagami
やみよのもるる	https://twitter.com/_rnrrdark
ゆうきちひろ	https://twitter.com/Chihiro_yuki23
ゆうきちひろ	https://twitter.com/chihiro_2434
ゆうひりり	https://twitter.com/Yuuhi_Riri
ゆきしろまひろ	https://twitter.com/mahiroyukishiro
ゆづきろあ	https://twitter.com/roa_lawliet
ゆづきろあ	https://twitter.com/yuzuki_roa
ゆめおいかける	https://twitter.com/kakeru_yumeoi
よるみれな	https://twitter.com/rena_yorumi
らとなぷてぃ	https://twitter.com/ratna_petit
りぜへるえすた	https://twitter.com/Lize_Helesta
りゅーしぇん	https://twitter.com/midori_2434
りんどうみこと	https://twitter.com/RindouMikoto
るいすきゃみー	https://twitter.com/Luis_Cammy
れゔぃえりふぁ	https://twitter.com/Levi_E_2434
わらべだめいじー	https://twitter.com/warabeda_meiji
