🎮Apex Legends	🎮ゲーム実況
🎮Ark	🎮ゲーム実況
🎮Craftopia	🎮ゲーム実況
🎮DbD	🎮ゲーム実況
🎮GTA	🎮ゲーム実況
🎮Detroit Become Human	🎮ゲーム実況
🎮Fall Guys	🎮ゲーム実況
🎮Getting Over It	🎮ゲーム実況
🎮League of Legends	🎮ゲーム実況
🎮Minecraft	🎮ゲーム実況
🎮Ring Fit Adventure	🎮ゲーム実況
🎮Splatoon	🎮ゲーム実況
🎮SUPER DONKEY KONG	🎮ゲーム実況
🎮The Forest	🎮ゲーム実況
🎮UNDERTALE	🎮ゲーム実況
🎮UNO	🎮ゲーム実況
🎮VALORANT	🎮ゲーム実況
🎮ときメモ	🎮ゲーム実況
🎮どうぶつの森	🎮ゲーム実況
🎮スーパーマリオ	🎮ゲーム実況
🎮ゼルダの伝説	🎮ゲーム実況
🎮トレバ	🎮ゲーム実況
🎮ドラゴンクエスト	🎮ゲーム実況
🎮バカゲー実況	🎮ゲーム実況
🎮ピクミン	🎮ゲーム実況
🎮ホラゲ実況	🎮ゲーム実況
🎮ポケットモンスター	🎮ゲーム実況
🎮ポケモンスナップ	🎮ゲーム実況
🎮マリオカート	🎮ゲーム実況
🎮モンスターハンター	🎮ゲーム実況
🎮ルイージマンション	🎮ゲーム実況
🎮ロックマン	🎮ゲーム実況
🎮世界のアソビ大全	🎮ゲーム実況
🎮千年戦争アイギス	🎮ゲーム実況
🎮雀魂	🎮ゲーム実況
🎮麻雀	🎮ゲーム実況
🎮ホラゲ実況	🎮ゲーム実況
🎮行方不明	🎮ホラゲ実況
🎮バカゲー実況	🎮ゲーム実況
🎮SEKIRO		🎮ゲーム実況
🎮人喰いの大鷲トリコ	🎮ゲーム実況
🎮事故物件	🎮ゲーム実況
🎮事故物件	🎮ホラゲ実況
🎮ダークソウル	🎮ゲーム実況
🎮7 Days to Die	🎮ゲーム実況
🎮行方不明	🎮ホラゲ実況
🎮行方不明	🎮ゲーム実況
🎮SEKIRO	🎮ゲーム実況
🎮ぼくのなつやすみ	🎮ゲーム実況
🎮PUBG	🎮ゲーム実況
🎮マリオRPG	🎮スーパーマリオ


