ch クロム	UCa1SMwRF_yZIcR6IWxcJxCg
!	megalodon 切り抜き用	UCif0gWWB1FDMCYJpKitvt2A
!	sss【にじさんじ切り抜き】	UCpron41N7zLfEkBn2WwWz0Q
!	vtuberおすすめ動画	UCXrMMiElpSnSVigwLllfTTg
!	【にじさんじ切り抜き隊】ただのV好き	UCdH6OhMDRqqGQjyNsQ-y0YA
!	【切り抜き】Vtuber The Best	UCIE0RsCWVnCVTxjK9UjdDzg
!	【切り抜き】スミレ剣持	UCtdfmrBYf8KFe4suIJSEqAA
!	【新】笹木咲 切り抜きチャンネル	UCTZqMsaAx8GcnbzFqjU3OOg
!	あみゃみゃ切り抜きCh	UCjHWNpBeqPfWI499GLWvH5A
!	いつも切り抜いてんな	UC53lWZFRQemKcXrDYhsWBCQ
!	うしみつ	UCp0bwtWw3BPjIGLUv6hS4iA
!	えるえい	UCr-T2WFUYN-eLgJ-hLvzcAA
!	おコメ注意報【にじさんじ切り抜き】	UCBmGe2Fj6F7Zx3aCIBs407Q
!	かぐね	UC94Mhi_4KZNX7bzHaoBnRTw
!	きりぬきch	UC4Y2Eo8MclTfSJ2EInuAJRg
!	きりぬき屋	UCy4yzai3tVdSqPrOPfQhFTg
!	ごじよんじ[にじさんじ切り抜き]	UCI28Rj6vmcHJa-xqs3Go3ng
!	さんばかーにばるCh	UCJ9BZ9umy7SoOkuqIZzg4Rg
!	しいらん	UCEgdnRPf7jUNx6YhV2zVBjA
!	しらたま餡蜜	UC7HfROV2MhxWYeOb0KqBORA
!	すこにじさんじ	UCiQkEnu0UQSs76p3RlE-cVQ
!	そらーむ	UC4z3IHrs62HwEpW-4D9hJ-w
!	たかみちVtuber応援ch	UCRYeq5uQFV0Raf54D1sgIjw
!	たけのこのフミミ民	UCDDy12w3TXhu0RX4KGxkuRA
!	ちゃんりふ	UCuoFAakX_hxZVwfgdr4CcLw
!	ちゅうたろ【にじさんじ切り抜き】	UCRBMnsjaSx7yNKBAvQcIzWw
!	ちょき	UCuWkk4EXkhzE9ysrQrVUFIQ
!	てぇてぇ部	UC6wopjO73fycNMxPuHC2zyw
!	でびシンドローム【毎日16時投稿】	UC47ZXDdOAAsNdTMDoQByDXg
!	ながもち	UCS9Bn-F2buPxYxZMO5xsKzw
!	ななこ切り抜き動画ch	UCHICxgUBMTY_za7h-w3Z_2A
!	なにぃ【切り抜き動画】	UCHzfBmZQIE8bQs98OBFWZRA
!	にじさんじ 切り抜きInformation	UCFczvN2q3vKzoKrMNbfDKwA
!	にじさんじLove	UCiWlSSl3FF6RHliH-LtFqBA
!	にじさんじおうえんちゃんねる	UCxYtTMU0CWXRhtkZeWXAhcQ
!	にじさんじを切り抜くよ	UCTBhH-c4_ARXGdq6VYgksAg
!	にじさんじココ好きまとめ	UCXaV7J7Gup3rUk7DfkRlaLA
!	にじさんじデータ部	UCz66eBwMlVhyIonteSgkK_Q
!	にじさんじホロライブ切り抜きマン	UCnE2A-3ZktJrqU394ar78bw
!	にじさんじ・ホロライブ毎日切り抜きCh	UCIoV7S6q5N5fd9GUsQ3MsGA
!	にじさんじ切り抜き	UCsjlcqkerWH0N88SL3b5_qw
!	にじさんじ切り抜き こぐまの子	UCpF3OSHD8Lx1NGGwBbfsQvw
!	にじさんじ切り抜きTV	UC94gXookC9nPYFLDEGkJuig
!	にじさんじ切り抜きch	UC2WvO2iwqWhuWUM9uGjgs2g
!	にじさんじ切り抜きに命をかける	UCHj5jWeRdBcHKYwjiZsZCJg
!	にじさんじ切り抜きチャンネル	UCrVE0oz4KeQ_VCM9fpkRALA
!	にじさんじ用語集	UC4tV9lcEn-Bfq2GI_v0Kjuw
!	にじさんじ男性ライバー切り抜きチャンネル	UCbxUM9K72E2Exx-9xQqCpDg
!	にじぱか	UCK4TjxyOQlHerZQyBuAJ_6g
!	にじチョキチョキ	UC3mbMuutCvvhKera04ydClQ
!	にじホロ	UC16v6ixSdqNo8fyjMbEoQ_w
!	にじホロ etc まとめ・切り抜き	UCA1e8nDsOll_R6FDQVqixmw
!	にじ切り抜き団	UCntT6Y8dALiepoEFj1pnoXA
!	にじ切り抜き紀伊半島支部	UCWn-rUndbtORNmGirJgpRRw
!	はとくべ	UClgnCQJmkwUytgEHu-32OQA
!	ばたばた	UCwkVm36kpVfv3hYviWiIUnA
!	ばーちゃるステーション	UCEY3iBAr6ZHX0rSWgEl2-ww
!	ひとくち切り抜きVchannel	UCP3LeHi4J0jOHyrA02aahpQ
!	ぴぴ	UCQbPnCjvbJjXW6uhpCOjuUA
!	ふりぃく【切り抜き】	UC_59gOI0hg-yi2QHUbCVZRw
!	ぶいそく	UC6lIYMjiBf9xwxTPtlvaAOw
!	ぶいちゅっちゅ	UC3nRfHRtQaUFqwJKFaDRkzQ
!	めいどおぶぴえん	UCMe5JFkCVoCYCWYvyiu9xRw
!	めめんとふ	UCsX4X9wqkzUGG7RxfnCqWDQ
!	ゃぢまちゃんねる。	UC--hokEdSo_6LRs5O0wE9Pw
!	やーさん	UC_OVVrMPcE3NxTgH2jgog6w
!	ゆぃ丸	UCje2VePL0wv8oeeBP4xxsbw
!	ゆずポン酢	UCurCD5CZFluZu7Szcc8WXXg
!	ゆべし	UCV7CgQqB1PL2qW8MAfDExLw
!	れおそん【切り抜き】	UCb2XK1Yo9DwP1hu-6vpVWSA
!	れっとりん	UCnT31y1T_cypMffjcRjaU-g
!	ろた	UCf1vPha_3yJ-nSumXSk0G-g
!	アップルパイ	UCU1SIeosDYrtxdWPxyw66Eg
!	オンゲネイ	UCe8ZX9DOMqhvELPQra2d8zA
!	ガラムマサラカプレーゼ	UC6fAtGhjrf0qOxIwikvwH-A
!	クルメメKurumeme	UCg44eGOxLyP_bAUQtMB-Img
!	ゴミフレンズ切り抜き	UCks_hCNGMsCkduYHCZhponQ
!	ゴリラとカエル	UCg_4bNk0xsJUIBN55OK_vLA
!	ゴリ押し侍	UCCRerYUfnQ36XLqcA8eLxrQ
!	シャニ〼	UCd0Gq8oE4sI7bYxcI_8HurA
!	シロイヌ	UCia7mmHjScen9uFA8GKhG0w
!	ジャベリン	UCuvsgRetsuE_2JHfuKyQL1A
!	チーゴ	UCuWfOeVe-Z38g1dKH0dFlqA
!	トリス・ヴァン・ノッテン	UCbORcDT_T_3AHQwIVYTUPyw
!	ニコル	UCrTTE-QVXsb8QYwcyj3IMkQ
!	パンダ民V【にじさんじ切り抜きch】	UCR30KjdKKz_InRMycuGqXNA
!	ヒデン	UCj7S-VXzLqy3FRZFO_wekbA
!	ピザ【Vtuber切り抜き】	UCVIl6A_xLifxeWJjWrL2ahw
!	フランコハードキュア	UCjx6bpGbHCtxQQ2p2nY8EEQ
!	フワフワな不破を切り抜き隊	UCGCmKSnNMJHNWMSX7cMtTHg
!	プラムボブ	UCOYnHT-NbKIk9WeAgol-42A
!	ヘルシェイクあよん	UCE-dmin3hlR3D7c1rHOTBIA
!	マジママキ	UCUOexVW6pRrjHjKqU6nWcjw
!	リゼアン切り抜き猫	UChI0nbKa69U4kUyJz--JuzQ
!	リチャードソン	UCuyvppdUEVM4Ubqv01bYmWw
!	リバー【切り抜き】	UCk8ybM7jJ55nhQn8a4-DOoQ
!	ロイロイ	UC3_zvT1_l6krTYzekWNKT1g
!	ヴォイ【VOY】	UCUuXQpH_PXCM-H8ramjpN_A
!	・まぐろぷりん	UC05bIp1G-T6vrwFvs5pp6yA
!	七色翼	UCcAsrKX7_PuqvMxs2D-a6Lw
!	三倉ゴゴ	UCsufXNFnOnGDs6ysmDRxjXQ
!	公だ	UCK-UV5p3Sj1H117EYZ0ckkg
!	切り抜きおじさん	UCVVqlJBu5MA_9hCILEbX51A
!	切り抜きすぎて	UCN5yI6cEQ9Hxk38Pe2AZTbw
!	切り抜きよじ	UCmxsasPVoJFtS5KEYWJqXiw
!	切り抜きチャンネル	UCFht3Ite1H2fDF5_alQBgHQ
!	切り抜き配信用アカウント	UCSx6OF5OlRFvPeH5E-UECpw
!	切り抜く野菜ダイコンマン	UCkpfR11cG2kk9KTJijWCJfg
!	加賀美社長切り抜き【にじさんじ】	UCT_ELZbvTGS2LxNmx8u213Q
!	可能性の獣VTuber切り抜きチャンネル	UCmxsasPVoJFtS5KEYWJqXiw
!	天川紫織	UCpGcUUV1f5Ht8Ad46S0Jq2w
!	帰宅部	UCcIuqoSbb8VEt1g_pbdZLMw
!	我楽多部	UCXX4vmRqlZzN9MbVSjAhApQ
!	暴れるラヴィーン	UCun4Ry5kS33xI4oEUWnH7zg
!	松田まつ	UCoKjOSKiIOEu59GiSv4ylRw
!	林檎切り抜きch	UCf4jwb-UXLQrPdxvgw4ZRDg
!	泉狂歌	UCdYnUJuQQHjuQAp4tn-pZ5A
!	焼きたこ	UCUK_Vjy56v0y1PxwTGEG-Gg
!	牛屋ユコのVtuber切り抜き集	UCqWo0kCEK6ZQ1hM_NLFhYaA
!	猫キャット【日刊にじさんじ】	UCTyTcaONLfLDhltJEEqgdcg
!	田舎者	UChJiT3O7n3oI5PkkgKBFFyg
!	白玉ちゃんねる	UCqGwH959-dO4jusI_QRDWuw
!	硬い鰹	UCG1lIrNxaUCZejdXG731xLg
!	空崩	UCdzNPfls67AyuTp8THLogPA
!	笹だんご。【V好き】	UCmVM-DMlzCfbGuo1d2BYECQ
!	笹ほたる	UCvQrzbXJW1bPOnHYlC5J3tg
!	紅茶民	UCEun42gSLLcnP6JHIj9prXg
!	絵巻 健康監視班	UCjA5-1TAh1ZA8-YsMOjstQg
!	莢蒾	UCWOrAfZ6tzaCdFwdGssAjJApppp
!	見どころ!切り抜きVtuber	UCwQV5Fe45aMvhNHexKF9iGA
!	ひや 切り抜き	UCyWJrpufo5V26l4JEgbCmow
!	切り抜きパックマン	UCiKIXvZxPXb331TWqUK8SGw
!	おはしぃじぃ〜	UCfZ3KpDQybnYKoU0xbOJlGw
!	りんご 【にじさんじ切り抜き】	UCmkTlWva35v2tF0KrG5tPYg
!	ばかくん三世	UC64qS5SDo5VgHXQPGVJIFVA
!	くさば	UCuu1DYNa5zp6zRs_QkB9OKA
!	シラシロ	UCLdxnsAzgZQmGtDz9kzoYbg
!	にじさんじ広場	UCTmXIeWc7g_qAbQnFm7cAPw
!	田中	UC38VW-9ZAXPuCOkQ-bmOEfQ
!	VTuber推し	UCT66iIglwSf7WE8miDMuSIw
!	ray 777	UC5kr0KcKBKM8TOm1fEGscLg
!	ドルドラ	UCc_2vFow_eUC1s2O8UkAuNg
!	プリー【Vtuber】黒船提督	UC1Y5pLXDpGtNogjSzO_hNBg
