🌈👥森中花咲	1
🌈👥JS組	1
🌈👥世怜音演劇同好会	1
🌈👥すもも幼稚園	1
🌈👥すとろべあ	1
🌈👥女子校花畑	1
🌈👥渋谷大ガク	1
🌈👥シェキナベイ部	1
🌈👥ロリ組	1
🌈👥ダレパンダ	1
🌈👥しぃせん組	1
🌈👥シージ部	1
🌈👥三者面団	1
🌈👥サイコパスブラ…	1
🌈👥サイコ組	1
🌈👥ござる	1
🌈👥紅白饅頭	1
🌈👥他人	1
🌈👥ちーハジ	1
🌈👥ゲソの極み乙女	1
🌈👥ひみつ結社Xero	1
🌈👥メーブレストロ…	1
🌈👥みそしる	1
🌈👥ほす☆狂	1
🌈👥ブレスト軍	1
🌈👥Fragrance5	1
🌈👥ぴわわ	1
🌈👥ひよこぱんつ	1
🌈👥にじさんじマス…	1
🌈👥アンニュイ	1
🌈👥にじさんじゴー…	1
🌈👥にじさんじ映画部	1
🌈👥トライト	1
🌈👥でろンボ	1
🎓美術	1
🌈👥でろもい	1
🌈👥Dの石	1
🌈👥こあくまん	1
🌈👥黒ノ火廻	1
🌈👥森枝	1
🎥日常	1
🌈🇨🇳 泠鸢Yousa	1
🌈🇨🇳😥 御水(Mimoi)	1
👤川原礫	1
🌈🇨🇳😥 Morian	1
🌈にじさんじSEEDs	1
ライブ配信	1
🎥たまこラブストーリ	1
🎥からかい上手の高木	1
🌈🇨🇳😥 羽音(Hanon)	1
🎥放課後さいころ倶楽	1
🌈👥はるぶし	1
🌈🇨🇳 千春(Chiharu)	1
🌈🇨🇳 卡欧斯(Chaos)	1
🌈🇨🇳 清良(Kiyora)	1
🎓バイオテクノロジー	1
🏢DeNa	1
🌈🇨🇳😥 帕克丝(Pax)	1
🌈👥世怜音女学院	1
🌈👥くそざこGaming	1
🌈👥インクフィッシュ	1
🌈👥カルピス	1
🌈👥がぶりえら	1
🌈👥かなしいな	1
🌈👥加賀追ハヤル	1
🌈👥お給仕カルテット	1
🌈👥ATM	1
🌈👥SF組	1
🌈👥いちガク	1
🌈👥にじさんじポン酢	1
🌈👥痛面組	1
🌈👥aho	1
🌈👥あくまどーじょー	1
🌈👥赤の組織	1
🌈🇨🇳😥 Hakuren	1
🌐Skeb	1
🌐データベース	1
🌈👥桃色冷蔵庫	1
🌈👥楽陽	1
🏢ASUS	1
🌐通販サイト	1
🌈👥ロリリリ	1
🌈❜ 渋谷オワリ	1
🌈👥うたでび	1
ランディングページ	1
🌈👥モルチーあき	1
👤花琴いぐさ	1
👤歌衣アズミ	1
🌈👥リゼるる	1
🎮nintendogs	1
🔖歌謡曲リレー	1
👤獅子神レオナ	1
▶桐生ココ	1
Google Chrome拡張	1
⌨Raspberry Pi	1
😭感動	1
🔖🌈にじメン歌リレー	1
🎮Good	1
🎮イケニエノヨル	1
🌈👥文野環	1
🌈👥剣持刀也	1
🌈👥エビノワール	1
💻電源	1
🌈👥にじさんじギャ…	1
🌈👥19年男子組	1
💡へぇ	1
🌈👥くずそらちー	1
🌈👥アキ花咲刀也	1
🌈👥鈴谷アキ	1
🌈👥ちとせとろあ	1
🌈👥チャイかざ明治	1
🌈👥モイかざ	1
🌈👥リリかざ凛	1
▶Gawr Gura	1
🌈👥ようちえんぐみ	1
🌈👥リリむぎ	1
▶常闇トワ	1
🌈👥でろたま	1
🌈👥樋口楓	1
🌈👥りりぃろーず	1
🌈👥ヒモと財布	1
🌈👥楓刀京明千葛	1
🌈❜ 空星キラト	1
🎥けものフレンズ	1
🎮千年戦争アイギス	1
👤ヘライザー	1
👤結城浩	1
🌈👥ゆうやみ	1
🌈👥バトロワAチーム	1
🌈👥咎ノワール	1
🌈👥にじいろきゃんD…	1
🌈👥血みどろコラボ	1
🌈👥紅白アホ合戦	1
🌈👥んーまンボ	1
🌈👥ロアまりん	1
🌈👥LvEx	1
🌈👥ルーザーキングス	1
🌈👥月華美人	1
🌈👥ERRors	1
🌈👥むぎはる	1
🎥魔法少女まどか★…	1
🔖マイクラ腕試し	1
🌈👥エビ仙	1
🏢Mouse Computer	1
🌈👥いちねこらぼ	1
🎮バランスさがし	1
「ざふぉれす	1
🎤Kalafina	1
桃太郎電鉄	1
🌈👥舞元啓介	1
▶潤羽るしあ	1
🎮魔剣伝説	1
⌨Vue.js	1
🎥Charlotte	1
🎮maimai	1
🎮GTA5	1
🌈👥大空スバル	1
💼コミュニケーション	1
🌈👥かなえぼし	1
🏢ヤフー	1
⚓大井	1
⚓島風	1
👩‍🎤星井美希	1
👩‍🎤如月千早	1
👩‍🎤天海春香	1
👩‍🎤萩原雪歩	1
⚓夕立	1
👩‍🎤水瀬伊織	1
⚓時雨	1
⚓北上	1
🎥モーレツ宇宙海賊	1
⚓赤城	1
🎥慎重勇者～この勇…	1
🎥STEINS;GATE	1
RSSリーダー	1
🎥この素晴らしい世…	1
🎥転生したらスライ…	1
🎥がっこうぐらし！	1
🎥氷菓	1
🎥まおゆう	1
創作	1
🎮ブレイブリーデフ…	1
🎥異世界食堂	1
📰入門記事	1
💼人事	1
🎧演奏動画	1
🎥ONE PIECE	1
🌈👥VOIZ	1
🎓文学	1
テキスト共有	1
⌨CircleCI	1
🎓簿記	1
衛生管理者	1
✏資格・検定	1
🎥魔女の宅急便	1
⌨ジョブ管理システム	1
🎤Perfume	1
🀄魚谷侑未	1
💼生産性向上	1
⌨GraphQL	1
⌨Apache Web Server	1
🎤x0o0x	1
🎥風の谷のナウシカ	1
🎮メダロット	1
🎥新世界より	1
🎥ヘヴィーオブジェ…	1
🎧アコーディオン音楽	1
👤山里亮太	1
🎥エスパー魔美	1
🌈👥エクレア	1
⌨Markdown	1
👤鳳玲天々	1
🌐Github	1
👤織田信姫	1
🀄ゆうせー	1
👤めありー	1
👤蒼井優	1
検索サービス	1
👤つぼみ	1
⌨深層学習	1
⌨ITアーキテクチャ	1
🎓IT教育	1
🎤上原あずみ	1
🏢シャープ	1
プッシュ通知	1
コミケ	1
⌨Ruby on Rails	1
💼文書管理	1
🎥絶園のテンペスト	1
🎥灰と幻想のグリム…	1
🎥六花の勇者	1
🎥魔法少女育成計画	1
🎥盾の勇者の成り上…	1
クラウドソーシング	2
👔衣類	2
👥SLEE	2
🎮Atomicrops	2
🌈👥かざちー	2
🀄麻雀警察ひろー	2
🎥Re：ゼロから始める…	2
🌈えるしば	2
🎥亜人ちゃんは語り…	2
⌨機械学習	2
🎮にじさんじドリク…	2
🌈👥刀える	2
🎓国際経済法	2
🌈👥かなリオン	2
🌈👥まほおじ	2
🌈👥みれいじーこと…	2
🌈👥鈴鹿家	2
🌐Google	2
Web制作	2
🎮PSO2	2
🏢ドワンゴ	2
🎮ブラウザゲーム	2
🌈👥漢組	2
🏆記念サイト	2
🌈👥ふみとふみ	2
🌈👥アニキと子分くん	2
🌈👥ガッ灰	2
🌈👥おののみれい	2
🏢JeSU	2
🎥天空の城ラピュタ	2
🎥落第騎士の英雄譚	2
🎤花譜	2
🎥少女終末旅行	2
文字起こし	2
🎤Sound Horizon	2
🎮エリィのアクション	2
🌈👥はるかすみ	2
🌈👥雨森久遠	2
🎥アンパンマン	2
🌈👥はるみや	2
🌈👥夢叶白星	2
🌈👥むぎリリガク	2
🎥名探偵コナン	2
🎤小島麻由美	2
🌈👥解散GIG	2
🀄朝倉康心	2
🎮39 Days to Mars	2
🎥鬼灯の冷徹	2
🌈👥	2
👤三浦知良	2
⌨HTTP	2
🌈👥27歳ランク帯	2
⌨Open Source License	2
💼Excel	2
🌈👥ぱんコウじょ	2
統計データ	2
音素材	2
👤中原中也	2
👤齋藤孝	2
👩‍🎤音無小鳥	2
👩‍🎤秋月律子	2
👩‍🎤双海亜美	2
🌈🇨🇳😥 Lorou	2
🌈🇨🇳😥 Kaen	2
👩‍🎤三浦あずさ	2
👤クリムゾン	2
👤電脳少女シロ	2
👤岩明均	2
🌈❜ 剣持刀子	2
🌈❜ 剣持力也	2
👤榎本ナリコ	2
👤神田沙也加	2
🌈🌒小鳥遊ミミ	2
🎥ケムリクサ	2
🎥たまこまーけっと	2
🌈👥うんち教	2
⌨CI CD	2
👤桃乃ゆらり	2
🌈🇨🇳 雪絵(Yukie)	2
🌈🇨🇳 罗伊(Roi)	2
🌈🇨🇳 星也(Seiya)	2
🌈🇨🇳 八木迪之(Yagi)	2
⌨Google Data Export	2
⌨CSS	2
⌨SQL	2
👥QuizKnock	2
🌈🌒サイルスト	2
⌨Windows	2
🌈🌒弐伍	2
👤大塚明夫	2
🌈🌒海星ステラ	2
🌈🌒笠原蒼	2
🎤倉木麻衣	2
🔖京アニ放火殺人事件	2
💼プレゼン術	2
👤八重沢なとり	2
💼情報セキュリティ	2
🌈👥ありめいじす	3
🎓英語学習	3
🎥境界の彼方	3
🌈👥アカンゴ	3
🌈👥あーことひすぴ	3
🌈🇨🇳 萨麦尔(Samael)	3
🌈👥ちーかな	3
👤諏訪部順一	3
📣効果音	3
⌨ITインフラ	3
👤植芝理一	3
🌈👥ゆづき家	3
🌈👥りんかえW	3
🎮eスポーツ	3
🎥アクセル・ワールド	3
👤桜愛かのん	3
👤SLEE 赤杖まりん	3
👤SLEE 姫なぎさ	3
🌈🇨🇳 琉绮(Ruki)	3
🌈👥ぽさんけ	3
👤SLEE ももはらみのり	3
🎥ログ・ホライズン	3
🌈👥うーちー	3
🌈🇨🇳 紫纪(Shiki)	3
🏢スタジオジブリ	3
⌨テキストエディタ	3
🌐はてなブックマーク	3
🎥ダンベル何キロ持…	3
🌈👥かなめいじー	3
🌈🇨🇳 光一(Kouichi)	3
🏢Microsoft	3
⌨文字コード	3
🎥城下町のダンデラ…	3
🌈🇰🇷 Oh Jiyu	3
💼組織論	3
🌈バカゲー実況	3
🌈❜ 角無絵里華	3
🌈🇰🇷 Yang Nari	3
🌈👥ハッピートリガー	3
⌨システム設計	3
▶星街すいせい	3
🦗昆虫食	3
⌨AWS	3
🌈🇰🇷 Shin Kiru	3
プラモデル	3
🌈🇰🇷 Ryu Hari	3
👤たつき監督	3
🌈🌒Ph.エバンス	3
⌨Ruby	3
👤大坂なおみ	3
🌈👥もちもち	3
🌈👥にじさんジャー…	3
👤もこう	3
🌈🇨🇳😥 Yu Ruri	3
🌈🌒ヴォルフガング5世	3
🎤石川智晶	3
💼Microsoft Office	3
⌨YouTube Data API	3
⌨AI	3
🌈👥ハリオ家のおつ…	3
🀄齋藤豪	4
💼リモートワーク	4
🎮RPGツクール	4
🌈🇨🇳 弥希(Miki)	4
👤瀧上りと	4
🌈👥ぐんかんフラワ…	4
🎤fhána	4
🎮PLUG&PLAY	4
🎮DELTARUNE	4
🎥小林さんちのメイ…	4
🌈👥もるひま	4
🎮牧場物語	4
🔖ec騒動	4
🀄平澤元気	4
🌈👥ヨルミ・フミ・…	4
👤股間戦士エムズーン	4
🎓言語学	4
🌈👥星のシスターズ	4
🌈❜ 瀬戸あさひ	4
🌈👥ダブルスリーブ	4
🎥中二病でも恋がし…	4
🌈👥SiiRii	4
🌈👥しかばねぱんだ	4
🌈🇨🇳 艾因(Eine)	4
🌈🇨🇳 沙夜(Saya)	4
🀄ザキ	4
👤朝陽にいな	4
🌈🇨🇳 一果(Ichigo)	4
🌈🇨🇳 花留(Karu)	4
🌈🇨🇳 有加(Plus)	4
🌈😥神成ポアロ	4
🌈😥黒羽黒兎	4
🎮ASTRO CITY	4
👤天使リリエル	4
🌈🇨🇳 无理(Muri)	4
👤今酒ハクノ	4
⌨TypeScript	4
💼GTD	4
OCR	4
🎥GATE 自衛隊 彼の地…	4
🎮ダビスタ	4
🌈❜ 謎ノ美兎	4
🌈🇨🇳 惑姫(Waku)	4
🌈🇨🇳 阿萨(Aza)	4
🌈🇨🇳 七海(Nanami)	4
💼プロジェクト管理	4
🌈🇨🇳 真绯瑠(Mahiru)	4
🎥ヴァイオレット・…	4
⌨バージョン管理	4
🌈👥リゼアン	4
🌈🇨🇳 喵月(Nyatsuki)	4
🌈🇨🇳 度人(Tabibito)	4
教育・育児	5
💼電子サイン	5
🎮キャプテン翼	5
🎮DQモンスターズ	5
📓ライトノベル	5
🏢任天堂	5
👤楠栞桜	5
🎮カニノケンカ	5
🎓数学	5
🏢企業	5
🎮天鳳	5
🌈👥でびロア	5
🎥幼女戦記	5
文章術	5
🌈👥あかんごちぐ	5
🌈❜ Ruco	5
🎥短尺動画	5
👤梅棹忠夫	5
🌈👥片目隠れズ	5
⌨自然言語処理	5
あとで読む	5
🌈👥桃色音楽教室	5
🌈❜ 月野美兎	5
🌈👥よるみどり	5
🌈👥とこアン	5
💼HrTech	5
🎮キングダムハーツ	5
🎮ミリシタ	5
🎤SOUL'd OUT	5
💿シナスタジア	5
🌈👥女将と亜人	5
🎮メトロイド	5
🌈🇨🇳 星弥(Hoshimi)	5
🎮Soma	5
💼DX	5
🎮Slay the Spire	5
🌈👥刀かざ	5
🎮ドカポン	5
👤田角陸	5
🌈🇮🇩 Siska Leontyne	5
🌈👥黒夢町	6
🎮60 Parsecs!	6
🌈👥鈴かすたーど	6
🌈👥ござンボ	6
🎮PSO	6
💿オントロジー	6
👤花澤香菜	6
🎮ビビッドアーミー	6
💼チームビルディング	6
🌈🇮🇩 Etna Crimson	6
🌈🇮🇩 Rai Galilei	6
👤山下泰平(kotoriko)	6
🌈🇮🇩 Bonnivier Pranaja	6
🌈🇮🇩 Azura Cecillia	6
🏃‍♂スポーツ	6
🎤RYTHEM	6
🌈👥かざひま	6
🌈🇮🇩 Riksa Dhirendra	6
🌈👥えるかざ	6
🎮世界樹の迷宮	6
🌈🇮🇩 Nara Haramaung	6
🌈👥くずもちとろあ	6
🔖🌈にじFes2021	6
🎮Unravel	6
🎮パニグレ	6
🎮HEAVY RAIN	6
⌨クラウド技術	6
🎮マリオテニス	6
🌈👥ちーくず	6
🌈🇮🇳 Aadya(アディア)	7
⌨Python	7
🔖🌈月ノ美兎生誕祭2020	7
🌈👥乳毛山	7
🌈👥トリガー	7
🌈🇰🇷 Han Chiho	7
🌈👥ちーかざちー	7
💰お金	7
🌈👥かえる	7
👤SLEE 氷儚かの	7
🎮ボードゲーム	7
🎓ソフトウェア工学	7
🌈❜ 花伏しほ	7
🌐SHOWROOM	7
⌨ソフトウェアテスト	7
🤵👰婚活	7
⌨API	7
🌈👥えるちー	7
🌈👥ひなちなちま	7
🎮カプとれ	7
🌈🇮🇳 Vihaan(ビハン)	7
🌈🇮🇩 Layla Alstroemeria	7
🌈👥ホシミナイト	7
デザイン	8
💭ミーティア	8
💭雛芽るち	8
🌈🇰🇷 Lee Siu	8
💭蝿取かづら	8
🌈しのごの	8
💭朝霧いづる	8
💭暮間珀暮	8
💭蒼海カヤナ	8
🌈🇮🇩 Amicia Michella	8
🎮人喰いの大鷲トリコ	8
👤小松未可子	8
🌈🇰🇷 Min Suha	8
🀄多井隆晴	8
🌈🇮🇩 Miyu Ottavia	8
🌈🇮🇩 Taka Radjiman	9
⌨エンジニア	9
🌈👥みれロア	9
🌈叶え葉	9
📓漫画	9
💼仕事術	9
🌈🇮🇳 Noor(ヌール)	9
🎥涼宮ハルヒの憂鬱	9
📚NIJISANJI Illustrations	9
🎮ハースストーン	9
🀄鴨神にゅう	9
📓書評	9
🌈👥うさクラ	9
💭片倉一実	9
🔖いのちの輝き	9
🎤Uru	9
🎮ホラゲー	9
🌈👥にじさんじドリ…	9
ブログ運営	9
💼タスク管理	9
🎮Little nightmares	9
🎥映画	9
🌈❜ 鹿鳴館キリコ	9
👤登坂淳	9
💭六道カロ	9
🌈🇰🇷 So Nagi	9
💭鳩岡小恋	9
🌈🇰🇷 Akira Ray	9
💭南絢音	9
💭四ノ宮透華	9
💭小花てくと	10
🌈🇰🇷 Gaon	10
🌈🇰🇷 Wiffy	10
収納	10
💭筆染四季	10
文房具	10
🔖知的生産の技術	10
📚知的生産の技術	10
📚コンテナ物語	10
🌈👥やまなつ	10
🌈👥エビチリ	10
🌈🇰🇷 Chae Ara	10
🎮風来のシレン	10
🎮ブラサバ	10
🌈👥むぎたま	10
💭ころぼしまう	10
⌨Go言語	10
🌈👥27とJK	10
🌈👥おっさんゲームス	10
👤真堂雷斗	10
🌈👥えんじぇるず	11
🔖▶ホロライブ0927騒動	11
💭りいか	11
💭ロッド・クロウリー	11
🌈👥ヨルミナティ	11
🌈👥星エビ	11
Webデザイン	11
💭苺ノ森こひな	11
💭宝生てあ	11
💭紅夜ぺい	11
🎧オーディオ機器	11
⌨開発手法	11
🎮メイドインワリオ	11
LifeHack	11
👤鬼頭莫宏	11
🔖🎧にじさんじKING	11
🌈😥鳴門こがね	11
🌈❜ でびっち	11
🌈🇰🇷 Lee Roha	12
🌈👥cresc.	12
🌈👥けいあい	12
🌈👥ギバライカ	12
👤青森りんこ	12
💿NIJISANJI Music MIX UP!!	12
💊スマドラ	12
🌈👥ふみのとふみ	12
🌈👥金銀銅ポン	12
🎮名探偵ピカチュウ	12
🌈👥えるかざガク	12
🌈🇮🇩 ZEA Cornelia	12
💼仕事論	12
💿Moon!!	12
🎮マリオストーリー	12
🏢カバー株式会社	12
🎮アイドルマスター	12
🌐Twitch	12
🎮ポケモンスナップ	12
🎮デジモン	13
🔖🌈人狼	13
💭聖グレイル	13
🎮The House	13
🌈👥紅のライヘンバ…	13
🎮Cyberpunk	13
ソフトウェア	13
🎧ピアノ演奏	13
⌨JavaScript	13
🎮パワポケ	13
🌐hange	13
🌐Instagram	13
🎤GARNET CROW	14
🌈👥白ノ夜	14
🔖千羽黒乃麻雀教室	14
🎮ミリマス	14
🌈👥うたみこ	14
👤Zaypixel	14
🌈👥グリーンルージュ	14
🌈👥うたかざ	14
🌼アロマテラピー	14
🎮Slither.io	14
🎥メイドインアビス	14
💼RPA	14
🌈👥みかえる	14
🎓文化論・社会論	14
🌈👥夢星家	14
🌈👥LLカニ缶	14
🔖書籍の電子化	15
🌈👥ろあるまりん	15
🎮ボンバーマン	15
🌈👥OTNK組	15
🎤三月のパンタシア	15
🥫完全栄養食	15
🎮ゼノギアス	15
速記	15
⌨PHP	15
🌈👥ござやよ	15
🌈👥本間ノ葛也	16
💻キーボード	16
🌈👥petit fleurs	16
🌈👥かなふぇあ	16
🎥ぼくらの	16
🎥ロミオの青い空	16
💿それゆけ! 学級委員長	16
💼マーケティング	16
🌈👥神岡家	16
🔖艦これ攻略情報	16
ケーブル	16
🌈🇮🇩 Hana Macchia	17
🌈👥くずンボ	17
🏢京都アニメーション	17
🌈👥ストロベル	17
👤鈴木けんぞう	17
🎮ぷよぷよ	17
⌨Web技術	17
🌈👥もちがえる	17
🌈👥le jouet	17
🎮Muse Dash	17
⌨プログラミング	17
🎮60 Seconds!	17
🎧Deceit	18
🌈👥リリかざ	18
🍬おかし	18
🎮クイズにじオネア	18
🌈🌒ユードリック	18
💭観影みゆ	18
VAPE	18
▶赤井はあと	19
🌈👥もやしば	19
💭雎雪待	19
🎥ソードアート・オ…	19
💿SMASH The PAINT!!	19
🌐ツイフィール	19
文字入力	19
🎮Terraria	20
🌈👥白厨夢	20
🎮Good Job!	20
🌈👥OTN組	20
🔖🎮VFGパーティー	20
🌈👥キルリーダー	20
⌨開発リファレンス	20
🔧工作動画	21
👤キズナアイ	21
🌈👥チーム321	21
🎮歌動画	21
🌈👥アラサーランク帯	21
🌈😥海夜叉神	21
インターネット文化	22
🌈👥舞スバ	22
🎮World of Warships	22
🎮ホラゲー実況	22
☕コーヒー	22
🌈👥くまもっさん	22
👩‍🍳調理動画	22
🎧ゲーム実況	22
👤名取さな	23
🎮Unrailed	23
🌈👥にじさんじGALS	23
🌈👥乳山	23
💼業務効率化	24
💻デバイス	24
💿Prismatic Colors	24
🌈👥にじさんじ狂犬ズ	24
🌈👥JαCK	24
🎮Besiege	24
🎮ときメモ	25
🎮艦これ	25
🌈👥にじレジ(株)	25
🎮DMMスクラッチ	25
🎮HITMAN	25
🌈👥i's	25
🌈😥月見しずく	26
🎮犬鳴トンネル	26
🎓歴史・政治	26
▶ホロライブ	26
🎮塊魂	26
🎮Thief Simulator	26
🌈語部紡	27
👤周防パトラ	28
🔖インド(にじさんじ)	28
🌐TikTok	28
🎮脳トレ	28
🎮マリオRPG	28
🎮ツイステ	28
🌈👥ポ三家	28
🌈👥深夜三傑RKS	28
🌈👥叶え葉	29
🔖フリージア耐久	29
👤兎鞠まり	30
🌈👥アリストロベリー	30
🛏睡眠導入動画	30
🌈😥八朔ゆず	30
🌐note	30
🌈👥†咎人†	30
🎮ゲーム	31
🌈👥でろちー	31
素材	31
🔖🌈ゆびをふる杯	31
🌈👥BGクラブ	32
🌐Webサービス	32
🌈👥紅ズワイガニぐ…	32
🎮雑談	32
🀄咲乃もこ	32
▶戌神ころね	33
👤しぐれうい	33
🎮Super Bunny Man	33
🎮アマガミ	33
🎮影廊	33
🌈👥大空家	33
🎮Pacify	34
🎮Overcooked	34
🎮音ゲー実況	34
🌈かなえぼし	35
🎮Rust	35
🌈👥ゴーミーズ	35
🌈👥ドラひま	35
🎮Left 4 Dead 2	35
🌈👥紅ズワイガニ	36
🎮Rocket League	36
🌈😥雪汝	37
フォント	37
🌈👥RRR	37
🎮Friday the 13th	37
🌈👥楓と美兎	39
▶癒月ちょこ	40
🌈👥でびるる	40
🎮ルイージマンション	40
🌈👥猟友会	40
🌈👥エビマル	41
🎮事故物件	41
💭ユメノグラフィア	41
💊ヘルスケア	41
🌈👥シリンソウ	42
🌈👥SKB部	42
🎮7 Days to Die	42
🎮つぐのひ	43
🌈👥くるみわり	44
🎮デレステ	44
🎮ロックマン	44
🎤小松未歩	44
🎮beatmaniaIIDX	44
🌈👥まななつ	45
🌈👥フ景罪	45
▶ロボ子	45
🌈👥おなえどし組	45
🎮ドンキーコング	45
🌈👥Fixサー	46
🎮幽霊列車	47
🌈👥織姫星	48
🌐Wikipedia	48
🗣テーマトーク	48
🌈👥おしぃりぃ	49
🌈😥闇夜乃モルル	49
📓書籍	49
🌈👥魔武天	49
🎧ケルト音楽	50
▶白上フブキ	50
🔖にじさんじ百鬼夜行	51
💼LegalTech	51
🌈👥フルートイトイ	51
🌈👥にじレジ	51
🌈🇰🇷 Bora Nun	52
🔖YouTubeGamingWeek	52
バーチャルYouTuber	52
🎮Stardew Valley	52
👤すもも	52
🎮OUTLAST	52
🎮ペーパーマリオ	52
👤歌衣メイカ	53
🌐Mirrative	53
🌈👥メッシャーズ	53
🌈🇰🇷 Shin Yuya	53
🌈👥月下の桜	53
🎮Portal	54
🎮天穂のサクナヒメ	54
🌐AmazonPrime	55
🌈👥VΔLZ	56
👤渋谷ハル	56
🎮Fortnite	57
🎮行方不明	57
🔖快適に家で過ごす	58
🎥アニメ	59
🌈👥さくゆい	59
🔖🌈いちから中央銀行	60
🎮メタルギアソリッド	60
🎮マリオパーティ	60
🎮UNO	60
🎮MOTHER	61
🌈👥ぶるーず	61
🌈👥チューリップ組	62
🎮桃鉄	63
🎮夜廻	63
🌈😥遠北千南	64
🔖🌈歌リレー	64
🌐bilibili	64
👤伊東ライフ	65
🎮空気読み	65
🎮The Forest	66
🎮Overwatch	66
🍴食べ物・飲み物	67
🌈👥夜王国	67
💿CD	68
🌈👥おりコウ	69
🌈👥ずしり	69
🌈👥くろのわちー	69
▶猫又おかゆ	69
📰コラム	70
🗣フリーチャット	70
👤一ノ瀬うるは	71
🎮星のカービィ	71
🎮トレバ	72
👤神楽めあ	72
🎮もじぴったん	72
🌈👥ぐんかん	73
🌈👥Rain Drops	75
👤白百合リリィ	75
🔖🌈最強雀士決定戦	75
🎮ぼくのなつやすみ	75
🔖🌈剣盾にじさんじ杯	76
🔖🌈にじテトグラン…	77
🎮ロードモバイル	77
🎮UNDERTALE	77
🎮Craftopia	78
▶湊あくあ	79
🎮Raft	79
🎮ピクミン	79
🎧BGM	84
🌐OPENREC	84
🌈👥にじさんじ性癖…	86
👤犬山たまき	86
🌈👥メイフ	92
🌈😥名伽尾アズマ	95
🌐Fandom	98
▶大空スバル	99
🔖にじ鯖夏祭り2020	99
🌈👥JK組	101
👤ふぇありす	102
▶夏色まつり	104
🎮おえかきの森	105
🌈👥SMC組	106
🌈😥金魚坂めいろ	107
🌐KAI-YOU.net	107
🌈ギルザレンⅢ世	113
🌈😥久遠千歳	114
🎮バカゲー実況	115
🀄千羽黒乃	116
🎮夜勤事件	117
🌈👥かなちーくず	120
🌐ピクシブ百科辞典	120
🌐Vtuber post	121
🌐ピクシブ	123
🌐ニコニコ大百科	125
🎮VALORANT	128
📖朗読	131
🌈雨森小夜	133
👤因幡はねる	134
🔖🌈にじさんじランド	139
🌈👥まほすず	139
🌈👥さんばか	140
🌈👥Crossick	141
🔖🌈スプラ杯	141
🌈👥でびリオン	141
🎮GTA	145
👤そらる	146
🎮ドラゴンクエスト	147
📋投稿まとめ	147
🌈空星きらめ	150
🎨イラスト	151
🌈👥ド葛本社	152
🌈矢車りね	157
🤣ネタ	162
🎮リズム天国	163
🎮Among us	164
🌐v-data	170
🌐PLAYBOARD	172
🔖APEX部2434キルリレー	176
📰ニュース	178
🌐UserLocal	178
🏢いちから株式会社	184
🎮マリオメーカー	186
✍🏻英語字幕	188
🌈👥舞元力一	189
🌈東堂コハク	193
🌐VNUMA	194
🎮ダークソウル	202
🌈安土桃	202
🌐ツイキャス	206
🔖🌈3Dお披露目	207
🎮バイオハザード	208
🔖🌈にじ鯖Ark	210
🌈にじさんじMMD	211
🌈ぷちさんじ	214
🎮カードゲーム	216
🎮シャニマス	218
🎮Detroit Become Human	218
🌈にじさんじまとめ	221
🎮Shadowverse	226
🎮雪山人狼	227
📰プレスリリース	230
🌈飛鳥ひな	233
🔖🌈にじさんじ甲子園	239
✂切り抜きチャンネル	242
🎨お絵かき動画	242
🔖新衣装お披露目	245
🌐ユーチュラ	250
🌈朝日南アカネ	251
🌈周央サンゴ	257
🎮Getting Over It	262
👤天開司	268
🎨マンガ動画	277
💬つぶやき	278
🎮テトリス	294
🎮ゼルダの伝説	295
🌈家長むぎ	297
🎮SEKIRO	298
🎮スーパーマリオ	299
🌈赤羽葉子	300
🌈春崎エアル	305
🎮League of Legends	312
🌈ましろ	315
🌈西園チグサ	320
🌈北小路ヒスイ	321
🎮原神	328
🌈👥ChroNoiR	335
🌈奈羅花	337
🌐Amazon	368
🌈来栖夏芽	374
🎧VTuberイメソン	389
🛒買い物	391
🌈町田ちま	396
🎮Ring Fit Adventure	409
🎮世界のアソビ大全	409
🌈モイラ	410
🔖🌈マリカ杯	411
🎮モンスターハンター	416
🌈えま★おうがすと	418
🌈弦月藤士郎	433
🌈エリー・コニファー	435
🎮スマブラ	437
🌈雪城眞尋	438
🌈成瀬鳴	441
🌈メリッサ・キンレ…	456
🎮Dead by Daylight	497
🌈童田明治	505
🌐Twitter	512
🌈愛園愛美	532
🌈黒井しば	533
🌈物述有栖	534
🎮Fall Guys	536
🌈グウェル・オス・…	549
🌈伏見ガク	550
🎮パワプロ	558
🌈宇志海いちご	568
🌈轟京子	582
🎮FINAL FANTASY	609
🌈シェリン・バーガ…	613
🌈山神カルタ	626
🎮PUBG	638
🌐niconico	638
🌈瀬戸美夜子	639
🌈長尾景	642
🌈ルイス・キャミー	648
🌈甲斐田晴	668
🌈文野環	674
🌈レヴィ・エリファ	681
🌈魔使マオ	684
🌈竜胆尊	686
🎮ホラゲ実況	690
🌈早瀬走	699
🌈夕陽リリ	700
🍀人名	710
🌈鈴木勝	714
🌈葉山舞鈴	732
🌈戌亥とこ	741
🗣ラジオ	747
👂ASMR	779
🌈小野町春香	780
🌈御伽原江良	791
🌈😥出雲霞	795
🌈白雪巴	800
🌈卯月コウ	808
🎮雀魂	835
🌈フミ	841
🌈ラトナ・プティ	858
🌈ニュイ・ソシエール	891
🍀単語記事	908
🌈鈴鹿詩子	914
🌈相羽ういは	918
🌈ドーラ	921
🌈森中花咲	926
🎮どうぶつの森	950
🌈健屋花那	955
🌈剣持刀也	956
🌈鈴谷アキ	975
🎮Splatoon	981
🌈夢追翔	986
🌈ジョー・力一	1033
🌈葉加瀬冬雪	1034
🌈天宮こころ	1035
🌈桜凛月	1037
🎮麻雀	1042
🌈星川サラ	1044
🌈三枝明那	1050
🌈フレン・Ｅ・ルス…	1051
🌈夢月ロア	1057
🌈緑仙	1073
🌈魔界ノりりむ	1121
🌈エルフのえる	1121
🌈ベルモンド・バン…	1134
🌈エクス・アルビオ	1143
🌈鈴原るる	1153
🌈黛灰	1233
🌈不破湊	1241
🌈にじさんじ	1253
🌈イブラヒム	1265
🌈舞元啓介	1296
🌈静凛	1308
🌈神田笑一	1359
🌈アルス・アルマル	1389
🌈加賀美ハヤト	1401
🌈渋谷ハジメ	1416
🌈アンジュ・カトリ…	1438
🎮ポケットモンスター	1440
🌈郡道美玲	1459
🌈月ノ美兎	1465
🎮マリオカート	1543
🌈樋口楓	1551
🌈花畑チャイカ	1557
🌈夜見れな	1616
🌈でびでび・でびる	1632
🎮Ark	1659
🌈リゼ・ヘルエスタ	1664
🌈勇気ちひろ	1703
🌈笹木咲	1915
🌈社築	1927
🌈シスター・クレア	1987
🌈鷹宮リオン	1994
🎧歌動画	2140
🌈本間ひまわり	2339
🌈椎名唯華	2723
🌈葛葉	3249
🌈叶	3747
🗣雑談	4432
🎮Apex Legends	4438
🎮ゲーム実況	5121
🎮Minecraft	5717
✂切り抜き動画	17709
🌐YouTube	63994